<xml>
  <instance name="PlayerDeathLamp_Sprite" index="6" posX="0" posY="0" anchorX="-43" anchorY="-69" width="10" height="7"/>
  <instance name="PlayerAttacking3Lamp_Sprite" index="0" posX="11" posY="0" anchorX="-36" anchorY="-34" width="10" height="8"/>
  <instance name="PlayerAttacking3Lamp_Sprite" index="1" posX="22" posY="0" anchorX="-35" anchorY="-33" width="10" height="8"/>
  <instance name="PlayerAttacking3Lamp_Sprite" index="2" posX="33" posY="0" anchorX="-33" anchorY="-31" width="10" height="8"/>
  <instance name="PlayerAttacking3Lamp_Sprite" index="3" posX="44" posY="0" anchorX="-38" anchorY="-35" width="10" height="8"/>
  <instance name="PlayerAttacking3Lamp_Sprite" index="4" posX="55" posY="0" anchorX="-38" anchorY="-37" width="10" height="8"/>
  <instance name="PlayerAttacking3Lamp_Sprite" index="5" posX="66" posY="0" anchorX="-37" anchorY="-35" width="10" height="8"/>
  <instance name="PlayerAirAttackLamp_Sprite" index="0" posX="77" posY="0" anchorX="-28" anchorY="-7" width="10" height="8"/>
  <instance name="PlayerAirAttackLamp_Sprite" index="1" posX="88" posY="0" anchorX="-27" anchorY="-7" width="10" height="8"/>
  <instance name="PlayerAirAttackLamp_Sprite" index="2" posX="99" posY="0" anchorX="-31" anchorY="-11" width="10" height="8"/>
  <instance name="PlayerAirAttackLamp_Sprite" index="3" posX="110" posY="0" anchorX="-34" anchorY="-12" width="10" height="8"/>
  <instance name="PlayerAirAttackLamp_Sprite" index="4" posX="121" posY="0" anchorX="-34" anchorY="-13" width="10" height="8"/>
  <instance name="PlayerAirAttackLamp_Sprite" index="5" posX="132" posY="0" anchorX="-27" anchorY="-7" width="10" height="8"/>
  <instance name="PlayerAirAttackLamp_Sprite" index="6" posX="143" posY="0" anchorX="-28" anchorY="-7" width="10" height="8"/>
  <instance name="PlayerDashLamp_Sprite" index="0" posX="154" posY="0" anchorX="-23" anchorY="-9" width="10" height="8"/>
  <instance name="PlayerDashLamp_Sprite" index="1" posX="165" posY="0" anchorX="-18" anchorY="-9" width="10" height="8"/>
  <instance name="PlayerDashLamp_Sprite" index="2" posX="176" posY="0" anchorX="-25" anchorY="-9" width="10" height="8"/>
  <instance name="PlayerHurtLamp_Sprite" index="0" posX="187" posY="0" anchorX="-25" anchorY="-8" width="10" height="8"/>
  <instance name="PlayerFrontDashLamp_Sprite" index="0" posX="198" posY="0" anchorX="-30" anchorY="-10" width="10" height="8"/>
  <instance name="PlayerFrontDashLamp_Sprite" index="1" posX="209" posY="0" anchorX="-34" anchorY="-12" width="10" height="8"/>
  <instance name="PlayerFrontDashLamp_Sprite" index="2" posX="220" posY="0" anchorX="-25" anchorY="-10" width="10" height="8"/>
  <instance name="PlayerDeathLamp_Sprite" index="0" posX="231" posY="0" anchorX="-21" anchorY="-32" width="10" height="8"/>
  <instance name="PlayerDeathLamp_Sprite" index="1" posX="242" posY="0" anchorX="-21" anchorY="-34" width="10" height="8"/>
  <instance name="PlayerDeathLamp_Sprite" index="2" posX="253" posY="0" anchorX="-20" anchorY="-34" width="10" height="8"/>
  <instance name="PlayerDeathLamp_Sprite" index="3" posX="264" posY="0" anchorX="-21" anchorY="-34" width="10" height="8"/>
  <instance name="PlayerDeathLamp_Sprite" index="4" posX="275" posY="0" anchorX="-23" anchorY="-35" width="10" height="8"/>
  <instance name="PlayerDeathLamp_Sprite" index="5" posX="286" posY="0" anchorX="-43" anchorY="-68" width="10" height="8"/>
  <instance name="PlayerFallingLamp_Sprite" index="0" posX="297" posY="0" anchorX="-24" anchorY="-35" width="10" height="8"/>
  <instance name="PlayerIdleLamp_Sprite" index="0" posX="308" posY="0" anchorX="-22" anchorY="-8" width="10" height="8"/>
  <instance name="PlayerIdleLamp_Sprite" index="1" posX="319" posY="0" anchorX="-22" anchorY="-7" width="10" height="8"/>
  <instance name="PlayerIdleLamp_Sprite" index="2" posX="330" posY="0" anchorX="-22" anchorY="-8" width="10" height="8"/>
  <instance name="PlayerIdleLamp_Sprite" index="3" posX="341" posY="0" anchorX="-22" anchorY="-9" width="10" height="8"/>
  <instance name="PlayerIdleLamp_Sprite" index="4" posX="352" posY="0" anchorX="-22" anchorY="-10" width="10" height="8"/>
  <instance name="PlayerIdleLamp_Sprite" index="5" posX="363" posY="0" anchorX="-22" anchorY="-9" width="10" height="8"/>
  <instance name="PlayerJumpingLamp_Sprite" index="0" posX="374" posY="0" anchorX="-22" anchorY="-34" width="10" height="8"/>
  <instance name="PlayerLevelUpLamp_Sprite" index="0" posX="385" posY="0" anchorX="-27" anchorY="-33" width="10" height="8"/>
  <instance name="PlayerLevelUpLamp_Sprite" index="1" posX="396" posY="0" anchorX="-29" anchorY="-35" width="10" height="8"/>
  <instance name="PlayerLevelUpLamp_Sprite" index="2" posX="407" posY="0" anchorX="-26" anchorY="-34" width="10" height="8"/>
  <instance name="PlayerLevelUpLamp_Sprite" index="3" posX="418" posY="0" anchorX="-22" anchorY="-34" width="10" height="8"/>
  <instance name="PlayerLevelUpLamp_Sprite" index="4" posX="429" posY="0" anchorX="-23" anchorY="-33" width="10" height="8"/>
  <instance name="PlayerWalkingLamp_Sprite" index="0" posX="440" posY="0" anchorX="-24" anchorY="-26" width="10" height="8"/>
  <instance name="PlayerWalkingLamp_Sprite" index="1" posX="451" posY="0" anchorX="-24" anchorY="-25" width="10" height="8"/>
  <instance name="PlayerWalkingLamp_Sprite" index="2" posX="462" posY="0" anchorX="-24" anchorY="-28" width="10" height="8"/>
  <instance name="PlayerWalkingLamp_Sprite" index="3" posX="473" posY="0" anchorX="-24" anchorY="-26" width="10" height="8"/>
  <instance name="PlayerWalkingLamp_Sprite" index="4" posX="484" posY="0" anchorX="-24" anchorY="-25" width="10" height="8"/>
  <instance name="PlayerWalkingLamp_Sprite" index="5" posX="495" posY="0" anchorX="-24" anchorY="-28" width="10" height="8"/>
  <instance name="PlayerAirAttackShoulderB4_Sprite" index="0" posX="0" posY="8" anchorX="-34" anchorY="-14" width="10" height="11"/>
  <instance name="PlayerAirAttackShoulderB4_Sprite" index="1" posX="11" posY="9" anchorX="-33" anchorY="-14" width="10" height="11"/>
  <instance name="PlayerAirAttackShoulderB4_Sprite" index="2" posX="22" posY="9" anchorX="-36" anchorY="-20" width="10" height="11"/>
  <instance name="PlayerAirAttackShoulderB4_Sprite" index="5" posX="33" posY="9" anchorX="-33" anchorY="-14" width="10" height="11"/>
  <instance name="PlayerAirAttackShoulderB4_Sprite" index="6" posX="44" posY="9" anchorX="-34" anchorY="-14" width="10" height="11"/>
  <instance name="PlayerDeathShoulderB4_Sprite" index="1" posX="55" posY="9" anchorX="-26" anchorY="-44" width="10" height="11"/>
  <instance name="PlayerDeathShoulderB4_Sprite" index="2" posX="66" posY="9" anchorX="-26" anchorY="-43" width="10" height="11"/>
  <instance name="PlayerDeathShoulderB4_Sprite" index="3" posX="77" posY="9" anchorX="-26" anchorY="-42" width="10" height="11"/>
  <instance name="PlayerDeathShoulderB4_Sprite" index="4" posX="88" posY="9" anchorX="-26" anchorY="-43" width="10" height="11"/>
  <instance name="PlayerDeathShoulderB4_Sprite" index="5" posX="99" posY="9" anchorX="-26" anchorY="-42" width="10" height="11"/>
  <instance name="PlayerDeathShoulderB4_Sprite" index="6" posX="110" posY="9" anchorX="-26" anchorY="-43" width="10" height="11"/>
  <instance name="PlayerDeathShoulderB4_Sprite" index="7" posX="121" posY="9" anchorX="-26" anchorY="-42" width="10" height="11"/>
  <instance name="PlayerDeathShoulderB4_Sprite" index="8" posX="132" posY="9" anchorX="-26" anchorY="-43" width="10" height="11"/>
  <instance name="PlayerDeathShoulderB4_Sprite" index="9" posX="143" posY="9" anchorX="-26" anchorY="-42" width="10" height="11"/>
  <instance name="PlayerDeathShoulderB4_Sprite" index="10" posX="154" posY="9" anchorX="-26" anchorY="-43" width="10" height="11"/>
  <instance name="PlayerDeathShoulderB4_Sprite" index="11" posX="165" posY="9" anchorX="-28" anchorY="-44" width="10" height="11"/>
  <instance name="PlayerDeathShoulderB4_Sprite" index="12" posX="176" posY="9" anchorX="-29" anchorY="-45" width="10" height="11"/>
  <instance name="PlayerDeathShoulderB4_Sprite" index="13" posX="187" posY="9" anchorX="-46" anchorY="-65" width="10" height="11"/>
  <instance name="PlayerFallingShoulderB4_Sprite" index="0" posX="198" posY="9" anchorX="-29" anchorY="-42" width="10" height="11"/>
  <instance name="PlayerJumpingShoulderB4_Sprite" index="0" posX="209" posY="9" anchorX="-29" anchorY="-42" width="10" height="11"/>
  <instance name="PlayerLevelUpShoulderB4_Sprite" index="3" posX="220" posY="9" anchorX="-26" anchorY="-44" width="10" height="11"/>
  <instance name="PlayerLevelUpShoulderB4_Sprite" index="4" posX="231" posY="9" anchorX="-27" anchorY="-41" width="10" height="11"/>
  <instance name="PlayerWalkingShoulderB4_Sprite" index="0" posX="242" posY="9" anchorX="-31" anchorY="-34" width="10" height="11"/>
  <instance name="PlayerWalkingShoulderB4_Sprite" index="1" posX="253" posY="9" anchorX="-30" anchorY="-32" width="10" height="11"/>
  <instance name="PlayerWalkingShoulderB4_Sprite" index="2" posX="264" posY="9" anchorX="-31" anchorY="-35" width="10" height="11"/>
  <instance name="PlayerWalkingShoulderB4_Sprite" index="3" posX="275" posY="9" anchorX="-32" anchorY="-34" width="10" height="11"/>
  <instance name="PlayerWalkingShoulderB4_Sprite" index="4" posX="286" posY="9" anchorX="-32" anchorY="-32" width="10" height="11"/>
  <instance name="PlayerWalkingShoulderB4_Sprite" index="5" posX="297" posY="9" anchorX="-31" anchorY="-35" width="10" height="11"/>
  <instance name="PlayerAirAttackShoulderB5_Sprite" index="0" posX="308" posY="9" anchorX="-34" anchorY="-14" width="10" height="11"/>
  <instance name="PlayerAirAttackShoulderB5_Sprite" index="1" posX="319" posY="9" anchorX="-33" anchorY="-14" width="10" height="11"/>
  <instance name="PlayerAirAttackShoulderB5_Sprite" index="2" posX="330" posY="9" anchorX="-36" anchorY="-20" width="10" height="11"/>
  <instance name="PlayerAirAttackShoulderB5_Sprite" index="5" posX="341" posY="9" anchorX="-33" anchorY="-14" width="10" height="11"/>
  <instance name="PlayerAirAttackShoulderB5_Sprite" index="6" posX="352" posY="9" anchorX="-34" anchorY="-14" width="10" height="11"/>
  <instance name="PlayerDeathShoulderB5_Sprite" index="1" posX="363" posY="9" anchorX="-26" anchorY="-44" width="10" height="11"/>
  <instance name="PlayerDeathShoulderB5_Sprite" index="2" posX="374" posY="9" anchorX="-26" anchorY="-43" width="10" height="11"/>
  <instance name="PlayerDeathShoulderB5_Sprite" index="3" posX="385" posY="9" anchorX="-26" anchorY="-42" width="10" height="11"/>
  <instance name="PlayerDeathShoulderB5_Sprite" index="4" posX="396" posY="9" anchorX="-26" anchorY="-43" width="10" height="11"/>
  <instance name="PlayerDeathShoulderB5_Sprite" index="5" posX="407" posY="9" anchorX="-26" anchorY="-42" width="10" height="11"/>
  <instance name="PlayerDeathShoulderB5_Sprite" index="6" posX="418" posY="9" anchorX="-26" anchorY="-43" width="10" height="11"/>
  <instance name="PlayerDeathShoulderB5_Sprite" index="7" posX="429" posY="9" anchorX="-26" anchorY="-42" width="10" height="11"/>
  <instance name="PlayerDeathShoulderB5_Sprite" index="8" posX="440" posY="9" anchorX="-26" anchorY="-43" width="10" height="11"/>
  <instance name="PlayerDeathShoulderB5_Sprite" index="9" posX="451" posY="9" anchorX="-26" anchorY="-42" width="10" height="11"/>
  <instance name="PlayerDeathShoulderB5_Sprite" index="10" posX="462" posY="9" anchorX="-26" anchorY="-43" width="10" height="11"/>
  <instance name="PlayerDeathShoulderB5_Sprite" index="11" posX="473" posY="9" anchorX="-28" anchorY="-44" width="10" height="11"/>
  <instance name="PlayerDeathShoulderB5_Sprite" index="12" posX="484" posY="9" anchorX="-29" anchorY="-45" width="10" height="11"/>
  <instance name="PlayerDeathShoulderB5_Sprite" index="13" posX="495" posY="9" anchorX="-46" anchorY="-65" width="10" height="11"/>
  <instance name="PlayerFallingShoulderB5_Sprite" index="0" posX="0" posY="20" anchorX="-29" anchorY="-42" width="10" height="11"/>
  <instance name="PlayerJumpingShoulderB5_Sprite" index="0" posX="11" posY="21" anchorX="-29" anchorY="-42" width="10" height="11"/>
  <instance name="PlayerLevelUpShoulderB5_Sprite" index="3" posX="22" posY="21" anchorX="-26" anchorY="-44" width="10" height="11"/>
  <instance name="PlayerLevelUpShoulderB5_Sprite" index="4" posX="33" posY="21" anchorX="-27" anchorY="-41" width="10" height="11"/>
  <instance name="PlayerWalkingShoulderB5_Sprite" index="0" posX="44" posY="21" anchorX="-31" anchorY="-34" width="10" height="11"/>
  <instance name="PlayerWalkingShoulderB5_Sprite" index="1" posX="55" posY="21" anchorX="-30" anchorY="-32" width="10" height="11"/>
  <instance name="PlayerWalkingShoulderB5_Sprite" index="2" posX="66" posY="21" anchorX="-31" anchorY="-35" width="10" height="11"/>
  <instance name="PlayerWalkingShoulderB5_Sprite" index="3" posX="77" posY="21" anchorX="-32" anchorY="-34" width="10" height="11"/>
  <instance name="PlayerWalkingShoulderB5_Sprite" index="4" posX="88" posY="21" anchorX="-32" anchorY="-32" width="10" height="11"/>
  <instance name="PlayerWalkingShoulderB5_Sprite" index="5" posX="99" posY="21" anchorX="-31" anchorY="-35" width="10" height="11"/>
  <instance name="PlayerAirAttackShoulderB4_Sprite" index="3" posX="110" posY="21" anchorX="-34" anchorY="-24" width="13" height="11"/>
  <instance name="PlayerAirAttackShoulderB4_Sprite" index="4" posX="124" posY="21" anchorX="-33" anchorY="-26" width="13" height="11"/>
  <instance name="PlayerAttacking3ShoulderB4_Sprite" index="0" posX="138" posY="21" anchorX="-32" anchorY="-42" width="13" height="11"/>
  <instance name="PlayerAttacking3ShoulderB4_Sprite" index="1" posX="152" posY="21" anchorX="-31" anchorY="-41" width="13" height="11"/>
  <instance name="PlayerAttacking3ShoulderB4_Sprite" index="2" posX="166" posY="21" anchorX="-29" anchorY="-40" width="13" height="11"/>
  <instance name="PlayerAttacking3ShoulderB4_Sprite" index="3" posX="180" posY="21" anchorX="-28" anchorY="-40" width="13" height="11"/>
  <instance name="PlayerAttacking3ShoulderB4_Sprite" index="4" posX="194" posY="21" anchorX="-38" anchorY="-45" width="13" height="11"/>
  <instance name="PlayerAttacking3ShoulderB4_Sprite" index="5" posX="208" posY="21" anchorX="-38" anchorY="-48" width="13" height="11"/>
  <instance name="PlayerAttacking3ShoulderB4_Sprite" index="6" posX="222" posY="21" anchorX="-37" anchorY="-47" width="13" height="11"/>
  <instance name="PlayerAttacking3ShoulderB4_Sprite" index="7" posX="236" posY="21" anchorX="-36" anchorY="-47" width="13" height="11"/>
  <instance name="PlayerAttacking3ShoulderB4_Sprite" index="8" posX="250" posY="21" anchorX="-36" anchorY="-46" width="13" height="11"/>
  <instance name="PlayerDashShoulderB4_Sprite" index="0" posX="264" posY="21" anchorX="-24" anchorY="-19" width="13" height="11"/>
  <instance name="PlayerDashShoulderB4_Sprite" index="1" posX="278" posY="21" anchorX="-20" anchorY="-19" width="13" height="11"/>
  <instance name="PlayerDashShoulderB4_Sprite" index="2" posX="292" posY="21" anchorX="-26" anchorY="-19" width="13" height="11"/>
  <instance name="PlayerBlockShoulderB4_Sprite" index="0" posX="306" posY="21" anchorX="-25" anchorY="-18" width="13" height="11"/>
  <instance name="PlayerBlockShoulderB4_Sprite" index="1" posX="320" posY="21" anchorX="-23" anchorY="-18" width="13" height="11"/>
  <instance name="PlayerBlockShoulderB4_Sprite" index="2" posX="334" posY="21" anchorX="-22" anchorY="-18" width="13" height="11"/>
  <instance name="PlayerHurtShoulderB4_Sprite" index="0" posX="348" posY="21" anchorX="-27" anchorY="-16" width="13" height="11"/>
  <instance name="PlayerFrontDashShoulderB4_Sprite" index="0" posX="362" posY="21" anchorX="-28" anchorY="-19" width="13" height="11"/>
  <instance name="PlayerFrontDashShoulderB4_Sprite" index="1" posX="376" posY="21" anchorX="-30" anchorY="-20" width="13" height="11"/>
  <instance name="PlayerFrontDashShoulderB4_Sprite" index="2" posX="390" posY="21" anchorX="-24" anchorY="-19" width="13" height="11"/>
  <instance name="PlayerDeathShoulderB4_Sprite" index="0" posX="404" posY="21" anchorX="-23" anchorY="-44" width="13" height="11"/>
  <instance name="PlayerIdleShoulderB4_Sprite" index="0" posX="418" posY="21" anchorX="54" anchorY="-18" width="13" height="11"/>
  <instance name="PlayerIdleShoulderB4_Sprite" index="1" posX="432" posY="21" anchorX="54" anchorY="-17" width="13" height="11"/>
  <instance name="PlayerIdleShoulderB4_Sprite" index="2" posX="446" posY="21" anchorX="54" anchorY="-16" width="13" height="11"/>
  <instance name="PlayerIdleShoulderB4_Sprite" index="3" posX="460" posY="21" anchorX="54" anchorY="-18" width="13" height="11"/>
  <instance name="PlayerIdleShoulderB4_Sprite" index="4" posX="474" posY="21" anchorX="54" anchorY="-20" width="13" height="11"/>
  <instance name="PlayerIdleShoulderB4_Sprite" index="5" posX="488" posY="21" anchorX="54" anchorY="-18" width="13" height="11"/>
  <instance name="PlayerLevelUpShoulderB4_Sprite" index="0" posX="0" posY="33" anchorX="-27" anchorY="-42" width="13" height="11"/>
  <instance name="PlayerLevelUpShoulderB4_Sprite" index="1" posX="14" posY="33" anchorX="-27" anchorY="-45" width="13" height="11"/>
  <instance name="PlayerLevelUpShoulderB4_Sprite" index="2" posX="28" posY="33" anchorX="-23" anchorY="-45" width="13" height="11"/>
  <instance name="PlayerBlockShoulderA4_Sprite" index="2" posX="42" posY="33" anchorX="0" anchorY="-18" width="15" height="11"/>
  <instance name="PlayerDashShoulderA4_Sprite" index="1" posX="58" posY="33" anchorX="0" anchorY="-19" width="16" height="11"/>
  <instance name="PlayerBlockShoulderA4_Sprite" index="1" posX="75" posY="33" anchorX="0" anchorY="-18" width="16" height="11"/>
  <instance name="PlayerDeathShoulderA4_Sprite" index="1" posX="92" posY="33" anchorX="0" anchorY="-46" width="16" height="11"/>
  <instance name="PlayerDeathShoulderA4_Sprite" index="2" posX="109" posY="33" anchorX="0" anchorY="-47" width="16" height="11"/>
  <instance name="PlayerDeathShoulderA4_Sprite" index="4" posX="126" posY="33" anchorX="0" anchorY="-47" width="16" height="11"/>
  <instance name="PlayerDeathShoulderA4_Sprite" index="6" posX="143" posY="33" anchorX="0" anchorY="-47" width="16" height="11"/>
  <instance name="PlayerDeathShoulderA4_Sprite" index="8" posX="160" posY="33" anchorX="0" anchorY="-47" width="16" height="11"/>
  <instance name="PlayerDeathShoulderA4_Sprite" index="10" posX="177" posY="33" anchorX="0" anchorY="-47" width="16" height="11"/>
  <instance name="PlayerBlockShoulderA5_Sprite" index="2" posX="194" posY="33" anchorX="0" anchorY="-18" width="15" height="12"/>
  <instance name="PlayerAirAttackShoulderB5_Sprite" index="3" posX="210" posY="33" anchorX="-33" anchorY="-24" width="15" height="12"/>
  <instance name="PlayerAirAttackShoulderB5_Sprite" index="4" posX="226" posY="33" anchorX="-32" anchorY="-26" width="15" height="12"/>
  <instance name="PlayerAttacking3ShoulderB5_Sprite" index="0" posX="242" posY="33" anchorX="-32" anchorY="-42" width="15" height="12"/>
  <instance name="PlayerAttacking3ShoulderB5_Sprite" index="1" posX="258" posY="33" anchorX="-31" anchorY="-41" width="15" height="12"/>
  <instance name="PlayerAttacking3ShoulderB5_Sprite" index="2" posX="274" posY="33" anchorX="-29" anchorY="-40" width="15" height="12"/>
  <instance name="PlayerAttacking3ShoulderB5_Sprite" index="3" posX="290" posY="33" anchorX="-28" anchorY="-40" width="15" height="12"/>
  <instance name="PlayerAttacking3ShoulderB5_Sprite" index="4" posX="306" posY="33" anchorX="-38" anchorY="-45" width="15" height="12"/>
  <instance name="PlayerAttacking3ShoulderB5_Sprite" index="5" posX="322" posY="33" anchorX="-38" anchorY="-48" width="15" height="12"/>
  <instance name="PlayerAttacking3ShoulderB5_Sprite" index="6" posX="338" posY="33" anchorX="-37" anchorY="-47" width="15" height="12"/>
  <instance name="PlayerAttacking3ShoulderB5_Sprite" index="7" posX="354" posY="33" anchorX="-36" anchorY="-47" width="15" height="12"/>
  <instance name="PlayerAttacking3ShoulderB5_Sprite" index="8" posX="370" posY="33" anchorX="-36" anchorY="-46" width="15" height="12"/>
  <instance name="PlayerDashShoulderB5_Sprite" index="0" posX="386" posY="33" anchorX="-24" anchorY="-19" width="15" height="12"/>
  <instance name="PlayerDashShoulderB5_Sprite" index="1" posX="402" posY="33" anchorX="-20" anchorY="-19" width="15" height="12"/>
  <instance name="PlayerDashShoulderB5_Sprite" index="2" posX="418" posY="33" anchorX="-26" anchorY="-19" width="15" height="12"/>
  <instance name="PlayerBlockShoulderB5_Sprite" index="0" posX="434" posY="33" anchorX="-25" anchorY="-18" width="15" height="12"/>
  <instance name="PlayerBlockShoulderB5_Sprite" index="1" posX="450" posY="33" anchorX="-23" anchorY="-18" width="15" height="12"/>
  <instance name="PlayerBlockShoulderB5_Sprite" index="2" posX="466" posY="33" anchorX="-22" anchorY="-18" width="15" height="12"/>
  <instance name="PlayerHurtShoulderB5_Sprite" index="0" posX="482" posY="33" anchorX="-27" anchorY="-16" width="15" height="12"/>
  <instance name="PlayerFrontDashShoulderB5_Sprite" index="0" posX="0" posY="45" anchorX="-28" anchorY="-19" width="15" height="12"/>
  <instance name="PlayerFrontDashShoulderB5_Sprite" index="1" posX="16" posY="45" anchorX="-30" anchorY="-20" width="15" height="12"/>
  <instance name="PlayerFrontDashShoulderB5_Sprite" index="2" posX="32" posY="45" anchorX="-24" anchorY="-19" width="15" height="12"/>
  <instance name="PlayerDeathShoulderB5_Sprite" index="0" posX="48" posY="45" anchorX="-23" anchorY="-44" width="15" height="12"/>
  <instance name="PlayerIdleShoulderB5_Sprite" index="0" posX="64" posY="45" anchorX="54" anchorY="-18" width="15" height="12"/>
  <instance name="PlayerIdleShoulderB5_Sprite" index="1" posX="80" posY="45" anchorX="54" anchorY="-17" width="15" height="12"/>
  <instance name="PlayerIdleShoulderB5_Sprite" index="2" posX="96" posY="45" anchorX="54" anchorY="-16" width="15" height="12"/>
  <instance name="PlayerIdleShoulderB5_Sprite" index="3" posX="112" posY="45" anchorX="54" anchorY="-18" width="15" height="12"/>
  <instance name="PlayerIdleShoulderB5_Sprite" index="4" posX="128" posY="45" anchorX="54" anchorY="-20" width="15" height="12"/>
  <instance name="PlayerIdleShoulderB5_Sprite" index="5" posX="144" posY="45" anchorX="54" anchorY="-18" width="15" height="12"/>
  <instance name="PlayerLevelUpShoulderB5_Sprite" index="0" posX="160" posY="45" anchorX="-27" anchorY="-42" width="15" height="12"/>
  <instance name="PlayerLevelUpShoulderB5_Sprite" index="1" posX="176" posY="45" anchorX="-27" anchorY="-45" width="15" height="12"/>
  <instance name="PlayerLevelUpShoulderB5_Sprite" index="2" posX="192" posY="46" anchorX="-23" anchorY="-45" width="15" height="12"/>
  <instance name="PlayerAirAttackShoulderA4_Sprite" index="0" posX="208" posY="46" anchorX="-9" anchorY="-18" width="17" height="11"/>
  <instance name="PlayerAirAttackShoulderA4_Sprite" index="1" posX="226" posY="46" anchorX="-10" anchorY="-18" width="17" height="11"/>
  <instance name="PlayerAirAttackShoulderA4_Sprite" index="2" posX="244" posY="46" anchorX="-11" anchorY="-20" width="17" height="11"/>
  <instance name="PlayerAirAttackShoulderA4_Sprite" index="3" posX="262" posY="46" anchorX="-13" anchorY="-19" width="17" height="11"/>
  <instance name="PlayerAirAttackShoulderA4_Sprite" index="4" posX="280" posY="46" anchorX="-13" anchorY="-18" width="17" height="11"/>
  <instance name="PlayerAirAttackShoulderA4_Sprite" index="5" posX="298" posY="46" anchorX="-10" anchorY="-18" width="17" height="11"/>
  <instance name="PlayerAirAttackShoulderA4_Sprite" index="6" posX="316" posY="46" anchorX="-9" anchorY="-18" width="17" height="11"/>
  <instance name="PlayerAttacking3ShoulderA4_Sprite" index="0" posX="334" posY="46" anchorX="-14" anchorY="-42" width="17" height="11"/>
  <instance name="PlayerAttacking3ShoulderA4_Sprite" index="1" posX="352" posY="46" anchorX="-14" anchorY="-41" width="17" height="11"/>
  <instance name="PlayerAttacking3ShoulderA4_Sprite" index="2" posX="370" posY="46" anchorX="-15" anchorY="-42" width="17" height="11"/>
  <instance name="PlayerAttacking3ShoulderA4_Sprite" index="3" posX="388" posY="46" anchorX="-16" anchorY="-42" width="17" height="11"/>
  <instance name="PlayerAttacking3ShoulderA4_Sprite" index="4" posX="406" posY="46" anchorX="-14" anchorY="-43" width="17" height="11"/>
  <instance name="PlayerAttacking3ShoulderA4_Sprite" index="5" posX="424" posY="46" anchorX="-13" anchorY="-44" width="17" height="11"/>
  <instance name="PlayerAttacking3ShoulderA4_Sprite" index="6" posX="442" posY="46" anchorX="-13" anchorY="-43" width="17" height="11"/>
  <instance name="PlayerDashShoulderA4_Sprite" index="0" posX="460" posY="46" anchorX="-2" anchorY="-18" width="17" height="11"/>
  <instance name="PlayerDashShoulderA4_Sprite" index="2" posX="478" posY="46" anchorX="-4" anchorY="-18" width="17" height="11"/>
  <instance name="PlayerBlockShoulderA4_Sprite" index="0" posX="0" posY="58" anchorX="-1" anchorY="-18" width="17" height="11"/>
  <instance name="PlayerHurtShoulderA4_Sprite" index="0" posX="18" posY="58" anchorX="-2" anchorY="-17" width="17" height="11"/>
  <instance name="PlayerFrontDashShoulderA4_Sprite" index="0" posX="36" posY="58" anchorX="-8" anchorY="-19" width="17" height="11"/>
  <instance name="PlayerFrontDashShoulderA4_Sprite" index="1" posX="54" posY="58" anchorX="-12" anchorY="-20" width="17" height="11"/>
  <instance name="PlayerFrontDashShoulderA4_Sprite" index="2" posX="72" posY="58" anchorX="-4" anchorY="-19" width="17" height="11"/>
  <instance name="PlayerDeathShoulderA4_Sprite" index="0" posX="90" posY="58" anchorX="-1" anchorY="-44" width="17" height="11"/>
  <instance name="PlayerDeathShoulderA4_Sprite" index="3" posX="108" posY="58" anchorX="0" anchorY="-47" width="17" height="11"/>
  <instance name="PlayerDeathShoulderA4_Sprite" index="5" posX="126" posY="58" anchorX="0" anchorY="-47" width="17" height="11"/>
  <instance name="PlayerDeathShoulderA4_Sprite" index="7" posX="144" posY="58" anchorX="0" anchorY="-47" width="17" height="11"/>
  <instance name="PlayerDeathShoulderA4_Sprite" index="9" posX="162" posY="58" anchorX="0" anchorY="-47" width="17" height="11"/>
  <instance name="PlayerDeathShoulderA4_Sprite" index="11" posX="180" posY="59" anchorX="0" anchorY="-47" width="17" height="11"/>
  <instance name="PlayerDeathShoulderA4_Sprite" index="12" posX="198" posY="59" anchorX="-1" anchorY="-47" width="17" height="11"/>
  <instance name="PlayerDeathShoulderA4_Sprite" index="13" posX="216" posY="58" anchorX="-25" anchorY="-50" width="11" height="17"/>
  <instance name="PlayerDeathShoulderA4_Sprite" index="14" posX="228" posY="58" anchorX="-25" anchorY="-51" width="11" height="17"/>
  <instance name="PlayerFallingShoulderA4_Sprite" index="0" posX="240" posY="58" anchorX="-1" anchorY="-44" width="17" height="11"/>
  <instance name="PlayerIdleShoulderA4_Sprite" index="0" posX="258" posY="58" anchorX="78" anchorY="-18" width="17" height="11"/>
  <instance name="PlayerIdleShoulderA4_Sprite" index="1" posX="276" posY="58" anchorX="78" anchorY="-17" width="17" height="11"/>
  <instance name="PlayerIdleShoulderA4_Sprite" index="2" posX="294" posY="58" anchorX="78" anchorY="-16" width="17" height="11"/>
  <instance name="PlayerIdleShoulderA4_Sprite" index="3" posX="312" posY="58" anchorX="78" anchorY="-18" width="17" height="11"/>
  <instance name="PlayerIdleShoulderA4_Sprite" index="4" posX="330" posY="58" anchorX="78" anchorY="-20" width="17" height="11"/>
  <instance name="PlayerIdleShoulderA4_Sprite" index="5" posX="348" posY="58" anchorX="78" anchorY="-18" width="17" height="11"/>
  <instance name="PlayerJumpingShoulderA4_Sprite" index="0" posX="366" posY="58" anchorX="-2" anchorY="-44" width="17" height="11"/>
  <instance name="PlayerLevelUpShoulderA4_Sprite" index="0" posX="384" posY="58" anchorX="-6" anchorY="-42" width="17" height="11"/>
  <instance name="PlayerLevelUpShoulderA4_Sprite" index="1" posX="402" posY="58" anchorX="-9" anchorY="-44" width="17" height="11"/>
  <instance name="PlayerLevelUpShoulderA4_Sprite" index="2" posX="420" posY="58" anchorX="-6" anchorY="-43" width="17" height="11"/>
  <instance name="PlayerLevelUpShoulderA4_Sprite" index="3" posX="438" posY="58" anchorX="0" anchorY="-44" width="17" height="11"/>
  <instance name="PlayerLevelUpShoulderA4_Sprite" index="4" posX="456" posY="58" anchorX="-1" anchorY="-44" width="17" height="11"/>
  <instance name="PlayerWalkingShoulderA4_Sprite" index="0" posX="474" posY="58" anchorX="-5" anchorY="-37" width="17" height="11"/>
  <instance name="PlayerWalkingShoulderA4_Sprite" index="1" posX="492" posY="58" anchorX="-6" anchorY="-35" width="17" height="11"/>
  <instance name="PlayerWalkingShoulderA4_Sprite" index="2" posX="0" posY="70" anchorX="-5" anchorY="-38" width="17" height="11"/>
  <instance name="PlayerWalkingShoulderA4_Sprite" index="3" posX="18" posY="70" anchorX="-5" anchorY="-37" width="17" height="11"/>
  <instance name="PlayerWalkingShoulderA4_Sprite" index="4" posX="36" posY="70" anchorX="-4" anchorY="-35" width="17" height="11"/>
  <instance name="PlayerWalkingShoulderA4_Sprite" index="5" posX="54" posY="70" anchorX="-5" anchorY="-38" width="17" height="11"/>
  <instance name="PlayerDashShoulderA5_Sprite" index="1" posX="72" posY="70" anchorX="0" anchorY="-19" width="16" height="12"/>
  <instance name="PlayerBlockShoulderA5_Sprite" index="1" posX="89" posY="70" anchorX="0" anchorY="-18" width="16" height="12"/>
  <instance name="PlayerDeathShoulderA5_Sprite" index="1" posX="106" posY="70" anchorX="0" anchorY="-46" width="16" height="12"/>
  <instance name="PlayerDeathShoulderA5_Sprite" index="2" posX="123" posY="70" anchorX="0" anchorY="-47" width="16" height="12"/>
  <instance name="PlayerDeathShoulderA5_Sprite" index="4" posX="140" posY="70" anchorX="0" anchorY="-47" width="16" height="12"/>
  <instance name="PlayerDeathShoulderA5_Sprite" index="6" posX="157" posY="70" anchorX="0" anchorY="-47" width="16" height="12"/>
  <instance name="PlayerDeathShoulderA5_Sprite" index="8" posX="174" posY="71" anchorX="0" anchorY="-47" width="16" height="12"/>
  <instance name="PlayerDeathShoulderA5_Sprite" index="10" posX="191" posY="71" anchorX="0" anchorY="-47" width="16" height="12"/>
  <instance name="PlayerDeathShoulderA5_Sprite" index="3" posX="208" posY="76" anchorX="0" anchorY="-47" width="17" height="12"/>
  <instance name="PlayerDeathShoulderA5_Sprite" index="5" posX="226" posY="76" anchorX="0" anchorY="-47" width="17" height="12"/>
  <instance name="PlayerDeathShoulderA5_Sprite" index="7" posX="244" posY="70" anchorX="0" anchorY="-47" width="17" height="12"/>
  <instance name="PlayerDeathShoulderA5_Sprite" index="9" posX="262" posY="70" anchorX="0" anchorY="-47" width="17" height="12"/>
  <instance name="PlayerDeathShoulderA5_Sprite" index="11" posX="280" posY="70" anchorX="0" anchorY="-47" width="17" height="12"/>
  <instance name="PlayerIdleShoulderA5_Sprite" index="0" posX="298" posY="70" anchorX="78" anchorY="-18" width="17" height="12"/>
  <instance name="PlayerIdleShoulderA5_Sprite" index="1" posX="316" posY="70" anchorX="78" anchorY="-17" width="17" height="12"/>
  <instance name="PlayerIdleShoulderA5_Sprite" index="2" posX="334" posY="70" anchorX="78" anchorY="-16" width="17" height="12"/>
  <instance name="PlayerIdleShoulderA5_Sprite" index="3" posX="352" posY="70" anchorX="78" anchorY="-18" width="17" height="12"/>
  <instance name="PlayerIdleShoulderA5_Sprite" index="4" posX="370" posY="70" anchorX="78" anchorY="-20" width="17" height="12"/>
  <instance name="PlayerIdleShoulderA5_Sprite" index="5" posX="388" posY="70" anchorX="78" anchorY="-18" width="17" height="12"/>
  <instance name="PlayerLevelUpShoulderA5_Sprite" index="3" posX="406" posY="70" anchorX="0" anchorY="-44" width="17" height="12"/>
  <instance name="PlayerBlockShoulderA5_Sprite" index="0" posX="424" posY="70" anchorX="0" anchorY="-18" width="18" height="12"/>
  <instance name="PlayerDeathShoulderA5_Sprite" index="0" posX="443" posY="70" anchorX="0" anchorY="-44" width="18" height="12"/>
  <instance name="PlayerDeathShoulderA5_Sprite" index="12" posX="462" posY="70" anchorX="0" anchorY="-47" width="18" height="12"/>
  <instance name="PlayerFallingShoulderA5_Sprite" index="0" posX="481" posY="70" anchorX="0" anchorY="-44" width="18" height="12"/>
  <instance name="PlayerLevelUpShoulderA5_Sprite" index="4" posX="0" posY="82" anchorX="0" anchorY="-44" width="18" height="12"/>
  <instance name="PlayerAirAttackShoulderA5_Sprite" index="0" posX="19" posY="82" anchorX="-7" anchorY="-18" width="19" height="12"/>
  <instance name="PlayerAirAttackShoulderA5_Sprite" index="1" posX="39" posY="82" anchorX="-8" anchorY="-18" width="19" height="12"/>
  <instance name="PlayerAirAttackShoulderA5_Sprite" index="2" posX="59" posY="83" anchorX="-9" anchorY="-20" width="19" height="12"/>
  <instance name="PlayerAirAttackShoulderA5_Sprite" index="3" posX="79" posY="83" anchorX="-11" anchorY="-19" width="19" height="12"/>
  <instance name="PlayerAirAttackShoulderA5_Sprite" index="4" posX="99" posY="83" anchorX="-11" anchorY="-18" width="19" height="12"/>
  <instance name="PlayerAirAttackShoulderA5_Sprite" index="5" posX="119" posY="83" anchorX="-8" anchorY="-18" width="19" height="12"/>
  <instance name="PlayerAirAttackShoulderA5_Sprite" index="6" posX="139" posY="83" anchorX="-7" anchorY="-18" width="19" height="12"/>
  <instance name="PlayerAttacking3ShoulderA5_Sprite" index="0" posX="159" posY="84" anchorX="-12" anchorY="-42" width="19" height="12"/>
  <instance name="PlayerAttacking3ShoulderA5_Sprite" index="1" posX="179" posY="84" anchorX="-12" anchorY="-41" width="19" height="12"/>
  <instance name="PlayerAttacking3ShoulderA5_Sprite" index="2" posX="199" posY="89" anchorX="-13" anchorY="-42" width="19" height="12"/>
  <instance name="PlayerAttacking3ShoulderA5_Sprite" index="3" posX="219" posY="89" anchorX="-14" anchorY="-42" width="19" height="12"/>
  <instance name="PlayerAttacking3ShoulderA5_Sprite" index="4" posX="239" posY="89" anchorX="-12" anchorY="-43" width="19" height="12"/>
  <instance name="PlayerAttacking3ShoulderA5_Sprite" index="5" posX="259" posY="83" anchorX="-11" anchorY="-44" width="19" height="12"/>
  <instance name="PlayerAttacking3ShoulderA5_Sprite" index="6" posX="279" posY="83" anchorX="-11" anchorY="-43" width="19" height="12"/>
  <instance name="PlayerDashShoulderA5_Sprite" index="0" posX="299" posY="83" anchorX="0" anchorY="-18" width="19" height="12"/>
  <instance name="PlayerDashShoulderA5_Sprite" index="2" posX="319" posY="83" anchorX="-2" anchorY="-18" width="19" height="12"/>
  <instance name="PlayerHurtShoulderA5_Sprite" index="0" posX="339" posY="83" anchorX="0" anchorY="-17" width="19" height="12"/>
  <instance name="PlayerFrontDashShoulderA5_Sprite" index="0" posX="359" posY="83" anchorX="-6" anchorY="-19" width="19" height="12"/>
  <instance name="PlayerFrontDashShoulderA5_Sprite" index="1" posX="379" posY="83" anchorX="-10" anchorY="-20" width="19" height="12"/>
  <instance name="PlayerFrontDashShoulderA5_Sprite" index="2" posX="399" posY="83" anchorX="-2" anchorY="-19" width="19" height="12"/>
  <instance name="PlayerDeathShoulderA5_Sprite" index="13" posX="419" posY="83" anchorX="-24" anchorY="-48" width="12" height="19"/>
  <instance name="PlayerDeathShoulderA5_Sprite" index="14" posX="432" posY="83" anchorX="-24" anchorY="-49" width="12" height="19"/>
  <instance name="PlayerJumpingShoulderA5_Sprite" index="0" posX="445" posY="83" anchorX="0" anchorY="-44" width="19" height="12"/>
  <instance name="PlayerLevelUpShoulderA5_Sprite" index="0" posX="465" posY="83" anchorX="-4" anchorY="-42" width="19" height="12"/>
  <instance name="PlayerLevelUpShoulderA5_Sprite" index="1" posX="485" posY="83" anchorX="-7" anchorY="-44" width="19" height="12"/>
  <instance name="PlayerLevelUpShoulderA5_Sprite" index="2" posX="0" posY="95" anchorX="-4" anchorY="-43" width="19" height="12"/>
  <instance name="PlayerWalkingShoulderA5_Sprite" index="0" posX="20" posY="95" anchorX="-3" anchorY="-37" width="19" height="12"/>
  <instance name="PlayerWalkingShoulderA5_Sprite" index="1" posX="40" posY="96" anchorX="-4" anchorY="-35" width="19" height="12"/>
  <instance name="PlayerWalkingShoulderA5_Sprite" index="2" posX="60" posY="96" anchorX="-3" anchorY="-38" width="19" height="12"/>
  <instance name="PlayerWalkingShoulderA5_Sprite" index="3" posX="80" posY="96" anchorX="-3" anchorY="-37" width="19" height="12"/>
  <instance name="PlayerWalkingShoulderA5_Sprite" index="4" posX="100" posY="96" anchorX="-2" anchorY="-35" width="19" height="12"/>
  <instance name="PlayerWalkingShoulderA5_Sprite" index="5" posX="120" posY="96" anchorX="-3" anchorY="-38" width="19" height="12"/>
  <instance name="PlayerDeathHead3_Sprite" index="6" posX="140" posY="97" anchorX="-34" anchorY="-59" width="19" height="17"/>
  <instance name="PlayerDeathHead4_Sprite" index="6" posX="160" posY="97" anchorX="-33" anchorY="-59" width="19" height="17"/>
  <instance name="PlayerDeathHead5_Sprite" index="6" posX="180" posY="97" anchorX="-33" anchorY="-58" width="18" height="18"/>
  <instance name="PlayerDeathHead3_Sprite" index="5" posX="199" posY="102" anchorX="-34" anchorY="-58" width="19" height="18"/>
  <instance name="PlayerAirAttackHead4_Sprite" index="0" posX="219" posY="102" anchorX="-19" anchorY="-5" width="18" height="19"/>
  <instance name="PlayerAirAttackHead4_Sprite" index="1" posX="238" posY="102" anchorX="-18" anchorY="-5" width="18" height="19"/>
  <instance name="PlayerAirAttackHead4_Sprite" index="5" posX="257" posY="102" anchorX="-18" anchorY="-5" width="18" height="19"/>
  <instance name="PlayerAirAttackHead4_Sprite" index="6" posX="276" posY="96" anchorX="-19" anchorY="-5" width="18" height="19"/>
  <instance name="PlayerAttacking3Head4_Sprite" index="0" posX="295" posY="96" anchorX="-27" anchorY="-32" width="18" height="19"/>
  <instance name="PlayerAttacking3Head4_Sprite" index="1" posX="314" posY="96" anchorX="-26" anchorY="-31" width="18" height="19"/>
  <instance name="PlayerAttacking3Head4_Sprite" index="2" posX="333" posY="96" anchorX="-24" anchorY="-29" width="18" height="19"/>
  <instance name="PlayerAttacking3Head4_Sprite" index="3" posX="352" posY="96" anchorX="-24" anchorY="-29" width="18" height="19"/>
  <instance name="PlayerAttacking3Head4_Sprite" index="4" posX="371" posY="96" anchorX="-29" anchorY="-33" width="18" height="19"/>
  <instance name="PlayerAttacking3Head4_Sprite" index="5" posX="390" posY="96" anchorX="-29" anchorY="-35" width="18" height="19"/>
  <instance name="PlayerAttacking3Head4_Sprite" index="6" posX="409" posY="103" anchorX="-28" anchorY="-33" width="18" height="19"/>
  <instance name="PlayerDashHead4_Sprite" index="0" posX="428" posY="103" anchorX="-14" anchorY="-7" width="18" height="19"/>
  <instance name="PlayerDashHead4_Sprite" index="1" posX="447" posY="96" anchorX="-9" anchorY="-7" width="18" height="19"/>
  <instance name="PlayerDashHead4_Sprite" index="2" posX="466" posY="96" anchorX="-16" anchorY="-7" width="18" height="19"/>
  <instance name="PlayerBlockHead4_Sprite" index="0" posX="485" posY="96" anchorX="-14" anchorY="-6" width="18" height="19"/>
  <instance name="PlayerBlockHead4_Sprite" index="1" posX="0" posY="108" anchorX="-12" anchorY="-6" width="18" height="19"/>
  <instance name="PlayerBlockHead4_Sprite" index="2" posX="19" posY="108" anchorX="-11" anchorY="-6" width="18" height="19"/>
  <instance name="PlayerHurtHead4_Sprite" index="0" posX="38" posY="109" anchorX="-16" anchorY="-6" width="18" height="19"/>
  <instance name="PlayerFrontDashHead4_Sprite" index="0" posX="57" posY="109" anchorX="-21" anchorY="-8" width="18" height="19"/>
  <instance name="PlayerFrontDashHead4_Sprite" index="1" posX="76" posY="109" anchorX="-25" anchorY="-10" width="18" height="19"/>
  <instance name="PlayerFrontDashHead4_Sprite" index="2" posX="95" posY="109" anchorX="-16" anchorY="-8" width="18" height="19"/>
  <instance name="PlayerDeathHead4_Sprite" index="0" posX="114" posY="109" anchorX="-12" anchorY="-32" width="18" height="19"/>
  <instance name="PlayerDeathHead4_Sprite" index="1" posX="133" posY="115" anchorX="-12" anchorY="-34" width="18" height="19"/>
  <instance name="PlayerDeathHead4_Sprite" index="2" posX="152" posY="115" anchorX="-11" anchorY="-34" width="18" height="19"/>
  <instance name="PlayerDeathHead4_Sprite" index="3" posX="171" posY="116" anchorX="-12" anchorY="-34" width="18" height="19"/>
  <instance name="PlayerDeathHead4_Sprite" index="4" posX="190" posY="121" anchorX="-14" anchorY="-35" width="18" height="19"/>
  <instance name="PlayerDeathHead4_Sprite" index="5" posX="209" posY="122" anchorX="-33" anchorY="-58" width="19" height="18"/>
  <instance name="PlayerFallingHead4_Sprite" index="0" posX="229" posY="122" anchorX="-15" anchorY="-33" width="18" height="19"/>
  <instance name="PlayerIdleHead4_Sprite" index="0" posX="248" posY="122" anchorX="65" anchorY="-6" width="18" height="19"/>
  <instance name="PlayerIdleHead4_Sprite" index="1" posX="267" posY="122" anchorX="65" anchorY="-5" width="18" height="19"/>
  <instance name="PlayerIdleHead4_Sprite" index="2" posX="286" posY="116" anchorX="65" anchorY="-6" width="18" height="19"/>
  <instance name="PlayerIdleHead4_Sprite" index="3" posX="305" posY="116" anchorX="65" anchorY="-7" width="18" height="19"/>
  <instance name="PlayerIdleHead4_Sprite" index="4" posX="324" posY="116" anchorX="65" anchorY="-8" width="18" height="19"/>
  <instance name="PlayerIdleHead4_Sprite" index="5" posX="343" posY="116" anchorX="65" anchorY="-7" width="18" height="19"/>
  <instance name="PlayerJumpingHead4_Sprite" index="0" posX="362" posY="116" anchorX="-13" anchorY="-32" width="18" height="19"/>
  <instance name="PlayerLevelUpHead4_Sprite" index="0" posX="381" posY="116" anchorX="-18" anchorY="-31" width="18" height="19"/>
  <instance name="PlayerLevelUpHead4_Sprite" index="1" posX="400" posY="123" anchorX="-20" anchorY="-33" width="18" height="19"/>
  <instance name="PlayerLevelUpHead4_Sprite" index="2" posX="419" posY="123" anchorX="-17" anchorY="-32" width="18" height="19"/>
  <instance name="PlayerLevelUpHead4_Sprite" index="3" posX="438" posY="123" anchorX="-13" anchorY="-33" width="18" height="19"/>
  <instance name="PlayerLevelUpHead4_Sprite" index="4" posX="457" posY="116" anchorX="-14" anchorY="-32" width="18" height="19"/>
  <instance name="PlayerWalkingHead4_Sprite" index="0" posX="476" posY="116" anchorX="-15" anchorY="-24" width="18" height="19"/>
  <instance name="PlayerWalkingHead4_Sprite" index="1" posX="0" posY="128" anchorX="-15" anchorY="-23" width="18" height="19"/>
  <instance name="PlayerWalkingHead4_Sprite" index="2" posX="19" posY="128" anchorX="-15" anchorY="-26" width="18" height="19"/>
  <instance name="PlayerWalkingHead4_Sprite" index="3" posX="38" posY="129" anchorX="-15" anchorY="-24" width="18" height="19"/>
  <instance name="PlayerWalkingHead4_Sprite" index="4" posX="57" posY="129" anchorX="-15" anchorY="-23" width="18" height="19"/>
  <instance name="PlayerWalkingHead4_Sprite" index="5" posX="76" posY="129" anchorX="-15" anchorY="-26" width="18" height="19"/>
  <instance name="PlayerDeathHead5_Sprite" index="5" posX="95" posY="129" anchorX="-33" anchorY="-57" width="18" height="19"/>
  <instance name="PlayerAirAttackHead3_Sprite" index="0" posX="114" posY="129" anchorX="-19" anchorY="-4" width="18" height="20"/>
  <instance name="PlayerAirAttackHead3_Sprite" index="1" posX="133" posY="135" anchorX="-18" anchorY="-4" width="18" height="20"/>
  <instance name="PlayerAirAttackHead3_Sprite" index="2" posX="152" posY="135" anchorX="-22" anchorY="-8" width="18" height="20"/>
  <instance name="PlayerAirAttackHead3_Sprite" index="3" posX="171" posY="136" anchorX="-25" anchorY="-9" width="18" height="20"/>
  <instance name="PlayerAirAttackHead3_Sprite" index="4" posX="190" posY="141" anchorX="-25" anchorY="-10" width="18" height="20"/>
  <instance name="PlayerAirAttackHead3_Sprite" index="5" posX="209" posY="141" anchorX="-18" anchorY="-4" width="18" height="20"/>
  <instance name="PlayerAirAttackHead3_Sprite" index="6" posX="228" posY="142" anchorX="-19" anchorY="-4" width="18" height="20"/>
  <instance name="PlayerAttacking3Head3_Sprite" index="0" posX="247" posY="142" anchorX="-27" anchorY="-31" width="18" height="20"/>
  <instance name="PlayerAttacking3Head3_Sprite" index="1" posX="266" posY="142" anchorX="-26" anchorY="-30" width="18" height="20"/>
  <instance name="PlayerAttacking3Head3_Sprite" index="2" posX="285" posY="142" anchorX="-24" anchorY="-28" width="18" height="20"/>
  <instance name="PlayerAttacking3Head3_Sprite" index="3" posX="304" posY="136" anchorX="-24" anchorY="-28" width="18" height="20"/>
  <instance name="PlayerAttacking3Head3_Sprite" index="4" posX="323" posY="136" anchorX="-29" anchorY="-32" width="18" height="20"/>
  <instance name="PlayerAttacking3Head3_Sprite" index="5" posX="342" posY="136" anchorX="-29" anchorY="-34" width="18" height="20"/>
  <instance name="PlayerAttacking3Head3_Sprite" index="6" posX="361" posY="136" anchorX="-28" anchorY="-32" width="18" height="20"/>
  <instance name="PlayerDashHead3_Sprite" index="0" posX="380" posY="136" anchorX="-14" anchorY="-6" width="18" height="20"/>
  <instance name="PlayerDashHead3_Sprite" index="1" posX="399" posY="143" anchorX="-9" anchorY="-6" width="18" height="20"/>
  <instance name="PlayerDashHead3_Sprite" index="2" posX="418" posY="143" anchorX="-16" anchorY="-6" width="18" height="20"/>
  <instance name="PlayerBlockHead3_Sprite" index="0" posX="437" posY="143" anchorX="-14" anchorY="-5" width="18" height="20"/>
  <instance name="PlayerBlockHead3_Sprite" index="1" posX="456" posY="143" anchorX="-12" anchorY="-5" width="18" height="20"/>
  <instance name="PlayerBlockHead3_Sprite" index="2" posX="475" posY="136" anchorX="-11" anchorY="-5" width="18" height="20"/>
  <instance name="PlayerHurtHead3_Sprite" index="0" posX="0" posY="148" anchorX="-16" anchorY="-5" width="18" height="20"/>
  <instance name="PlayerFrontDashHead3_Sprite" index="0" posX="19" posY="148" anchorX="-21" anchorY="-7" width="18" height="20"/>
  <instance name="PlayerFrontDashHead3_Sprite" index="1" posX="38" posY="149" anchorX="-25" anchorY="-9" width="18" height="20"/>
  <instance name="PlayerFrontDashHead3_Sprite" index="2" posX="57" posY="149" anchorX="-16" anchorY="-7" width="18" height="20"/>
  <instance name="PlayerDeathHead3_Sprite" index="0" posX="76" posY="149" anchorX="-12" anchorY="-31" width="18" height="20"/>
  <instance name="PlayerDeathHead3_Sprite" index="1" posX="95" posY="149" anchorX="-12" anchorY="-33" width="18" height="20"/>
  <instance name="PlayerDeathHead3_Sprite" index="2" posX="114" posY="150" anchorX="-11" anchorY="-33" width="18" height="20"/>
  <instance name="PlayerDeathHead3_Sprite" index="3" posX="133" posY="156" anchorX="-12" anchorY="-33" width="18" height="20"/>
  <instance name="PlayerDeathHead3_Sprite" index="4" posX="152" posY="156" anchorX="-14" anchorY="-34" width="18" height="20"/>
  <instance name="PlayerFallingHead3_Sprite" index="0" posX="171" posY="157" anchorX="-15" anchorY="-32" width="18" height="20"/>
  <instance name="PlayerIdleHead3_Sprite" index="0" posX="190" posY="162" anchorX="65" anchorY="-5" width="18" height="20"/>
  <instance name="PlayerIdleHead3_Sprite" index="1" posX="209" posY="162" anchorX="65" anchorY="-4" width="18" height="20"/>
  <instance name="PlayerIdleHead3_Sprite" index="2" posX="228" posY="163" anchorX="65" anchorY="-5" width="18" height="20"/>
  <instance name="PlayerIdleHead3_Sprite" index="3" posX="247" posY="163" anchorX="65" anchorY="-6" width="18" height="20"/>
  <instance name="PlayerIdleHead3_Sprite" index="4" posX="266" posY="163" anchorX="65" anchorY="-7" width="18" height="20"/>
  <instance name="PlayerIdleHead3_Sprite" index="5" posX="285" posY="163" anchorX="65" anchorY="-6" width="18" height="20"/>
  <instance name="PlayerJumpingHead3_Sprite" index="0" posX="304" posY="157" anchorX="-13" anchorY="-31" width="18" height="20"/>
  <instance name="PlayerLevelUpHead3_Sprite" index="0" posX="323" posY="157" anchorX="-18" anchorY="-30" width="18" height="20"/>
  <instance name="PlayerLevelUpHead3_Sprite" index="1" posX="342" posY="157" anchorX="-20" anchorY="-32" width="18" height="20"/>
  <instance name="PlayerLevelUpHead3_Sprite" index="2" posX="361" posY="157" anchorX="-17" anchorY="-31" width="18" height="20"/>
  <instance name="PlayerLevelUpHead3_Sprite" index="3" posX="380" posY="157" anchorX="-13" anchorY="-33" width="18" height="20"/>
  <instance name="PlayerLevelUpHead3_Sprite" index="4" posX="399" posY="164" anchorX="-14" anchorY="-32" width="18" height="20"/>
  <instance name="PlayerWalkingHead3_Sprite" index="0" posX="418" posY="164" anchorX="-15" anchorY="-23" width="18" height="20"/>
  <instance name="PlayerWalkingHead3_Sprite" index="1" posX="437" posY="164" anchorX="-15" anchorY="-22" width="18" height="20"/>
  <instance name="PlayerWalkingHead3_Sprite" index="2" posX="456" posY="164" anchorX="-15" anchorY="-25" width="18" height="20"/>
  <instance name="PlayerWalkingHead3_Sprite" index="3" posX="475" posY="157" anchorX="-15" anchorY="-23" width="18" height="20"/>
  <instance name="PlayerWalkingHead3_Sprite" index="4" posX="0" posY="169" anchorX="-15" anchorY="-22" width="18" height="20"/>
  <instance name="PlayerWalkingHead3_Sprite" index="5" posX="19" posY="169" anchorX="-15" anchorY="-25" width="18" height="20"/>
  <instance name="PlayerAirAttackHead4_Sprite" index="2" posX="38" posY="170" anchorX="-22" anchorY="-8" width="18" height="20"/>
  <instance name="PlayerAirAttackHead4_Sprite" index="3" posX="57" posY="170" anchorX="-25" anchorY="-9" width="18" height="20"/>
  <instance name="PlayerAirAttackHead4_Sprite" index="4" posX="76" posY="170" anchorX="-25" anchorY="-10" width="18" height="20"/>
  <instance name="PlayerAirAttackHead5_Sprite" index="0" posX="95" posY="171" anchorX="-18" anchorY="-5" width="19" height="19"/>
  <instance name="PlayerAirAttackHead5_Sprite" index="1" posX="115" posY="177" anchorX="-17" anchorY="-5" width="19" height="19"/>
  <instance name="PlayerAirAttackHead5_Sprite" index="2" posX="135" posY="177" anchorX="-21" anchorY="-8" width="19" height="19"/>
  <instance name="PlayerAirAttackHead5_Sprite" index="3" posX="155" posY="178" anchorX="-24" anchorY="-9" width="19" height="19"/>
  <instance name="PlayerAirAttackHead5_Sprite" index="4" posX="175" posY="183" anchorX="-24" anchorY="-10" width="19" height="19"/>
  <instance name="PlayerAirAttackHead5_Sprite" index="5" posX="195" posY="183" anchorX="-17" anchorY="-5" width="19" height="19"/>
  <instance name="PlayerAirAttackHead5_Sprite" index="6" posX="215" posY="184" anchorX="-18" anchorY="-5" width="19" height="19"/>
  <instance name="PlayerAttacking3Head5_Sprite" index="0" posX="235" posY="184" anchorX="-26" anchorY="-32" width="19" height="19"/>
  <instance name="PlayerAttacking3Head5_Sprite" index="1" posX="255" posY="184" anchorX="-25" anchorY="-31" width="19" height="19"/>
  <instance name="PlayerAttacking3Head5_Sprite" index="2" posX="275" posY="184" anchorX="-23" anchorY="-29" width="19" height="19"/>
  <instance name="PlayerAttacking3Head5_Sprite" index="3" posX="295" posY="184" anchorX="-23" anchorY="-29" width="19" height="19"/>
  <instance name="PlayerAttacking3Head5_Sprite" index="4" posX="315" posY="178" anchorX="-28" anchorY="-33" width="19" height="19"/>
  <instance name="PlayerAttacking3Head5_Sprite" index="5" posX="335" posY="178" anchorX="-28" anchorY="-35" width="19" height="19"/>
  <instance name="PlayerAttacking3Head5_Sprite" index="6" posX="355" posY="178" anchorX="-27" anchorY="-33" width="19" height="19"/>
  <instance name="PlayerDashHead5_Sprite" index="0" posX="375" posY="178" anchorX="-13" anchorY="-7" width="19" height="19"/>
  <instance name="PlayerDashHead5_Sprite" index="1" posX="395" posY="185" anchorX="-8" anchorY="-7" width="19" height="19"/>
  <instance name="PlayerDashHead5_Sprite" index="2" posX="415" posY="185" anchorX="-15" anchorY="-7" width="19" height="19"/>
  <instance name="PlayerBlockHead5_Sprite" index="0" posX="435" posY="185" anchorX="-13" anchorY="-6" width="19" height="19"/>
  <instance name="PlayerBlockHead5_Sprite" index="1" posX="455" posY="185" anchorX="-11" anchorY="-6" width="19" height="19"/>
  <instance name="PlayerBlockHead5_Sprite" index="2" posX="475" posY="178" anchorX="-10" anchorY="-6" width="19" height="19"/>
  <instance name="PlayerHurtHead5_Sprite" index="0" posX="0" posY="190" anchorX="-15" anchorY="-6" width="19" height="19"/>
  <instance name="PlayerFrontDashHead5_Sprite" index="0" posX="20" posY="191" anchorX="-20" anchorY="-8" width="19" height="19"/>
  <instance name="PlayerFrontDashHead5_Sprite" index="1" posX="40" posY="191" anchorX="-24" anchorY="-10" width="19" height="19"/>
  <instance name="PlayerFrontDashHead5_Sprite" index="2" posX="60" posY="191" anchorX="-15" anchorY="-8" width="19" height="19"/>
  <instance name="PlayerDeathHead5_Sprite" index="0" posX="80" posY="191" anchorX="-11" anchorY="-32" width="19" height="19"/>
  <instance name="PlayerDeathHead5_Sprite" index="1" posX="100" posY="197" anchorX="-11" anchorY="-34" width="19" height="19"/>
  <instance name="PlayerDeathHead5_Sprite" index="2" posX="120" posY="197" anchorX="-10" anchorY="-34" width="19" height="19"/>
  <instance name="PlayerDeathHead5_Sprite" index="3" posX="140" posY="198" anchorX="-11" anchorY="-34" width="19" height="19"/>
  <instance name="PlayerDeathHead5_Sprite" index="4" posX="160" posY="203" anchorX="-13" anchorY="-35" width="19" height="19"/>
  <instance name="PlayerFallingHead5_Sprite" index="0" posX="180" posY="203" anchorX="-14" anchorY="-33" width="19" height="19"/>
  <instance name="PlayerIdleHead5_Sprite" index="0" posX="200" posY="204" anchorX="66" anchorY="-6" width="19" height="19"/>
  <instance name="PlayerIdleHead5_Sprite" index="1" posX="220" posY="204" anchorX="66" anchorY="-5" width="19" height="19"/>
  <instance name="PlayerIdleHead5_Sprite" index="2" posX="240" posY="204" anchorX="66" anchorY="-6" width="19" height="19"/>
  <instance name="PlayerIdleHead5_Sprite" index="3" posX="260" posY="204" anchorX="66" anchorY="-7" width="19" height="19"/>
  <instance name="PlayerIdleHead5_Sprite" index="4" posX="280" posY="204" anchorX="66" anchorY="-8" width="19" height="19"/>
  <instance name="PlayerIdleHead5_Sprite" index="5" posX="300" posY="204" anchorX="66" anchorY="-7" width="19" height="19"/>
  <instance name="PlayerJumpingHead5_Sprite" index="0" posX="320" posY="198" anchorX="-12" anchorY="-32" width="19" height="19"/>
  <instance name="PlayerLevelUpHead5_Sprite" index="0" posX="340" posY="198" anchorX="-17" anchorY="-31" width="19" height="19"/>
  <instance name="PlayerLevelUpHead5_Sprite" index="1" posX="360" posY="198" anchorX="-19" anchorY="-33" width="19" height="19"/>
  <instance name="PlayerLevelUpHead5_Sprite" index="2" posX="380" posY="205" anchorX="-16" anchorY="-32" width="19" height="19"/>
  <instance name="PlayerLevelUpHead5_Sprite" index="3" posX="400" posY="205" anchorX="-12" anchorY="-33" width="19" height="19"/>
  <instance name="PlayerLevelUpHead5_Sprite" index="4" posX="420" posY="205" anchorX="-13" anchorY="-32" width="19" height="19"/>
  <instance name="PlayerWalkingHead5_Sprite" index="0" posX="440" posY="205" anchorX="-14" anchorY="-24" width="19" height="19"/>
  <instance name="PlayerWalkingHead5_Sprite" index="1" posX="460" posY="205" anchorX="-14" anchorY="-23" width="19" height="19"/>
  <instance name="PlayerWalkingHead5_Sprite" index="2" posX="480" posY="198" anchorX="-14" anchorY="-26" width="19" height="19"/>
  <instance name="PlayerWalkingHead5_Sprite" index="3" posX="0" posY="210" anchorX="-14" anchorY="-24" width="19" height="19"/>
  <instance name="PlayerWalkingHead5_Sprite" index="4" posX="20" posY="211" anchorX="-14" anchorY="-23" width="19" height="19"/>
  <instance name="PlayerWalkingHead5_Sprite" index="5" posX="40" posY="211" anchorX="-14" anchorY="-26" width="19" height="19"/>
  <instance name="PlayerIdleHead8_Sprite" index="0" posX="60" posY="211" anchorX="65" anchorY="-5" width="19" height="20"/>
  <instance name="PlayerFallingArmsSpellSword_Sprite" index="0" posX="80" posY="217" anchorX="0" anchorY="-46" width="45" height="15"/>
  <instance name="PlayerWalkingArmsSpellSword_Sprite" index="1" posX="126" posY="223" anchorX="-6" anchorY="-29" width="44" height="26"/>
  <instance name="PlayerJumpingArmsSpellSword_Sprite" index="0" posX="171" posY="224" anchorX="-2" anchorY="-39" width="45" height="26"/>
  <instance name="PlayerWalkingArmsSpellSword_Sprite" index="0" posX="217" posY="224" anchorX="-6" anchorY="-31" width="46" height="27"/>
  <instance name="PlayerWalkingArmsSpellSword_Sprite" index="2" posX="264" posY="224" anchorX="-4" anchorY="-32" width="47" height="27"/>
  <instance name="PlayerWalkingArmsSpellSword_Sprite" index="5" posX="312" posY="224" anchorX="-4" anchorY="-32" width="47" height="27"/>
  <instance name="PlayerWalkingArmsSpellSword_Sprite" index="3" posX="360" posY="225" anchorX="-3" anchorY="-31" width="49" height="27"/>
  <instance name="PlayerWalkingArmsSpellSword_Sprite" index="4" posX="410" posY="225" anchorX="-2" anchorY="-29" width="51" height="26"/>
  <animation frame="1" name="PlayerAirAttackShoulderA4_Sprite" index="0" duration="1" label=""/>
  <animation frame="2" name="PlayerAirAttackShoulderA4_Sprite" index="1" duration="1" label=""/>
  <animation frame="3" name="PlayerAirAttackShoulderA4_Sprite" index="2" duration="1" label=""/>
  <animation frame="4" name="PlayerAirAttackShoulderA4_Sprite" index="3" duration="1" label=""/>
  <animation frame="5" name="PlayerAirAttackShoulderA4_Sprite" index="4" duration="3" label=""/>
  <animation frame="8" name="PlayerAirAttackShoulderA4_Sprite" index="5" duration="1" label=""/>
  <animation frame="9" name="PlayerAirAttackShoulderA4_Sprite" index="6" duration="1" label=""/>
  <animation frame="1" name="PlayerAttacking3ShoulderA4_Sprite" index="0" duration="1" label=""/>
  <animation frame="2" name="PlayerAttacking3ShoulderA4_Sprite" index="1" duration="1" label=""/>
  <animation frame="3" name="PlayerAttacking3ShoulderA4_Sprite" index="2" duration="1" label=""/>
  <animation frame="4" name="PlayerAttacking3ShoulderA4_Sprite" index="3" duration="2" label=""/>
  <animation frame="6" name="PlayerAttacking3ShoulderA4_Sprite" index="4" duration="1" label=""/>
  <animation frame="7" name="PlayerAttacking3ShoulderA4_Sprite" index="5" duration="3" label=""/>
  <animation frame="10" name="PlayerAttacking3ShoulderA4_Sprite" index="6" duration="1" label=""/>
  <animation frame="1" name="PlayerDashShoulderA4_Sprite" index="0" duration="1" label=""/>
  <animation frame="2" name="PlayerDashShoulderA4_Sprite" index="1" duration="3" label=""/>
  <animation frame="5" name="PlayerDashShoulderA4_Sprite" index="2" duration="1" label=""/>
  <animation frame="1" name="PlayerBlockShoulderA4_Sprite" index="0" duration="1" label=""/>
  <animation frame="2" name="PlayerBlockShoulderA4_Sprite" index="1" duration="1" label=""/>
  <animation frame="3" name="PlayerBlockShoulderA4_Sprite" index="2" duration="1" label=""/>
  <animation frame="1" name="PlayerHurtShoulderA4_Sprite" index="0" duration="1" label=""/>
  <animation frame="1" name="PlayerFrontDashShoulderA4_Sprite" index="0" duration="1" label=""/>
  <animation frame="2" name="PlayerFrontDashShoulderA4_Sprite" index="1" duration="3" label=""/>
  <animation frame="5" name="PlayerFrontDashShoulderA4_Sprite" index="2" duration="1" label=""/>
  <animation frame="1" name="PlayerDeathShoulderA4_Sprite" index="0" duration="1" label=""/>
  <animation frame="2" name="PlayerDeathShoulderA4_Sprite" index="1" duration="1" label=""/>
  <animation frame="3" name="PlayerDeathShoulderA4_Sprite" index="2" duration="1" label=""/>
  <animation frame="4" name="PlayerDeathShoulderA4_Sprite" index="3" duration="1" label=""/>
  <animation frame="5" name="PlayerDeathShoulderA4_Sprite" index="4" duration="1" label=""/>
  <animation frame="6" name="PlayerDeathShoulderA4_Sprite" index="5" duration="1" label=""/>
  <animation frame="7" name="PlayerDeathShoulderA4_Sprite" index="6" duration="1" label=""/>
  <animation frame="8" name="PlayerDeathShoulderA4_Sprite" index="7" duration="1" label=""/>
  <animation frame="9" name="PlayerDeathShoulderA4_Sprite" index="8" duration="1" label=""/>
  <animation frame="10" name="PlayerDeathShoulderA4_Sprite" index="9" duration="1" label=""/>
  <animation frame="11" name="PlayerDeathShoulderA4_Sprite" index="10" duration="1" label=""/>
  <animation frame="12" name="PlayerDeathShoulderA4_Sprite" index="11" duration="1" label=""/>
  <animation frame="13" name="PlayerDeathShoulderA4_Sprite" index="12" duration="1" label=""/>
  <animation frame="14" name="PlayerDeathShoulderA4_Sprite" index="13" duration="1" label=""/>
  <animation frame="15" name="PlayerDeathShoulderA4_Sprite" index="14" duration="4" label=""/>
  <animation frame="1" name="PlayerFallingShoulderA4_Sprite" index="0" duration="1" label=""/>
  <animation frame="1" name="PlayerIdleShoulderA4_Sprite" index="0" duration="1" label=""/>
  <animation frame="2" name="PlayerIdleShoulderA4_Sprite" index="1" duration="1" label=""/>
  <animation frame="3" name="PlayerIdleShoulderA4_Sprite" index="2" duration="2" label=""/>
  <animation frame="5" name="PlayerIdleShoulderA4_Sprite" index="3" duration="1" label=""/>
  <animation frame="6" name="PlayerIdleShoulderA4_Sprite" index="4" duration="1" label=""/>
  <animation frame="7" name="PlayerIdleShoulderA4_Sprite" index="5" duration="1" label=""/>
  <animation frame="1" name="PlayerJumpingShoulderA4_Sprite" index="0" duration="1" label=""/>
  <animation frame="1" name="PlayerLevelUpShoulderA4_Sprite" index="0" duration="1" label=""/>
  <animation frame="2" name="PlayerLevelUpShoulderA4_Sprite" index="1" duration="1" label=""/>
  <animation frame="3" name="PlayerLevelUpShoulderA4_Sprite" index="2" duration="1" label=""/>
  <animation frame="4" name="PlayerLevelUpShoulderA4_Sprite" index="3" duration="1" label=""/>
  <animation frame="5" name="PlayerLevelUpShoulderA4_Sprite" index="4" duration="3" label=""/>
  <animation frame="1" name="PlayerWalkingShoulderA4_Sprite" index="0" duration="1" label=""/>
  <animation frame="2" name="PlayerWalkingShoulderA4_Sprite" index="1" duration="1" label=""/>
  <animation frame="3" name="PlayerWalkingShoulderA4_Sprite" index="2" duration="1" label=""/>
  <animation frame="4" name="PlayerWalkingShoulderA4_Sprite" index="3" duration="1" label=""/>
  <animation frame="5" name="PlayerWalkingShoulderA4_Sprite" index="4" duration="1" label=""/>
  <animation frame="6" name="PlayerWalkingShoulderA4_Sprite" index="5" duration="1" label=""/>
  <animation frame="1" name="PlayerAirAttackShoulderB4_Sprite" index="0" duration="1" label=""/>
  <animation frame="2" name="PlayerAirAttackShoulderB4_Sprite" index="1" duration="1" label=""/>
  <animation frame="3" name="PlayerAirAttackShoulderB4_Sprite" index="2" duration="1" label=""/>
  <animation frame="4" name="PlayerAirAttackShoulderB4_Sprite" index="3" duration="1" label=""/>
  <animation frame="5" name="PlayerAirAttackShoulderB4_Sprite" index="4" duration="3" label=""/>
  <animation frame="8" name="PlayerAirAttackShoulderB4_Sprite" index="5" duration="1" label=""/>
  <animation frame="9" name="PlayerAirAttackShoulderB4_Sprite" index="6" duration="1" label=""/>
  <animation frame="1" name="PlayerAttacking3ShoulderB4_Sprite" index="0" duration="1" label=""/>
  <animation frame="2" name="PlayerAttacking3ShoulderB4_Sprite" index="1" duration="1" label=""/>
  <animation frame="3" name="PlayerAttacking3ShoulderB4_Sprite" index="2" duration="1" label=""/>
  <animation frame="4" name="PlayerAttacking3ShoulderB4_Sprite" index="3" duration="2" label=""/>
  <animation frame="6" name="PlayerAttacking3ShoulderB4_Sprite" index="4" duration="1" label=""/>
  <animation frame="7" name="PlayerAttacking3ShoulderB4_Sprite" index="5" duration="1" label=""/>
  <animation frame="8" name="PlayerAttacking3ShoulderB4_Sprite" index="6" duration="1" label=""/>
  <animation frame="9" name="PlayerAttacking3ShoulderB4_Sprite" index="7" duration="1" label=""/>
  <animation frame="10" name="PlayerAttacking3ShoulderB4_Sprite" index="8" duration="1" label=""/>
  <animation frame="1" name="PlayerDashShoulderB4_Sprite" index="0" duration="1" label=""/>
  <animation frame="2" name="PlayerDashShoulderB4_Sprite" index="1" duration="3" label=""/>
  <animation frame="5" name="PlayerDashShoulderB4_Sprite" index="2" duration="1" label=""/>
  <animation frame="1" name="PlayerBlockShoulderB4_Sprite" index="0" duration="1" label=""/>
  <animation frame="2" name="PlayerBlockShoulderB4_Sprite" index="1" duration="1" label=""/>
  <animation frame="3" name="PlayerBlockShoulderB4_Sprite" index="2" duration="1" label=""/>
  <animation frame="1" name="PlayerHurtShoulderB4_Sprite" index="0" duration="1" label=""/>
  <animation frame="1" name="PlayerFrontDashShoulderB4_Sprite" index="0" duration="1" label=""/>
  <animation frame="2" name="PlayerFrontDashShoulderB4_Sprite" index="1" duration="3" label=""/>
  <animation frame="5" name="PlayerFrontDashShoulderB4_Sprite" index="2" duration="1" label=""/>
  <animation frame="1" name="PlayerDeathShoulderB4_Sprite" index="0" duration="1" label=""/>
  <animation frame="2" name="PlayerDeathShoulderB4_Sprite" index="1" duration="1" label=""/>
  <animation frame="3" name="PlayerDeathShoulderB4_Sprite" index="2" duration="1" label=""/>
  <animation frame="4" name="PlayerDeathShoulderB4_Sprite" index="3" duration="1" label=""/>
  <animation frame="5" name="PlayerDeathShoulderB4_Sprite" index="4" duration="1" label=""/>
  <animation frame="6" name="PlayerDeathShoulderB4_Sprite" index="5" duration="1" label=""/>
  <animation frame="7" name="PlayerDeathShoulderB4_Sprite" index="6" duration="1" label=""/>
  <animation frame="8" name="PlayerDeathShoulderB4_Sprite" index="7" duration="1" label=""/>
  <animation frame="9" name="PlayerDeathShoulderB4_Sprite" index="8" duration="1" label=""/>
  <animation frame="10" name="PlayerDeathShoulderB4_Sprite" index="9" duration="1" label=""/>
  <animation frame="11" name="PlayerDeathShoulderB4_Sprite" index="10" duration="1" label=""/>
  <animation frame="12" name="PlayerDeathShoulderB4_Sprite" index="11" duration="1" label=""/>
  <animation frame="13" name="PlayerDeathShoulderB4_Sprite" index="12" duration="1" label=""/>
  <animation frame="14" name="PlayerDeathShoulderB4_Sprite" index="13" duration="5" label=""/>
  <animation frame="1" name="PlayerFallingShoulderB4_Sprite" index="0" duration="1" label=""/>
  <animation frame="1" name="PlayerIdleShoulderB4_Sprite" index="0" duration="1" label=""/>
  <animation frame="2" name="PlayerIdleShoulderB4_Sprite" index="1" duration="1" label=""/>
  <animation frame="3" name="PlayerIdleShoulderB4_Sprite" index="2" duration="2" label=""/>
  <animation frame="5" name="PlayerIdleShoulderB4_Sprite" index="3" duration="1" label=""/>
  <animation frame="6" name="PlayerIdleShoulderB4_Sprite" index="4" duration="1" label=""/>
  <animation frame="7" name="PlayerIdleShoulderB4_Sprite" index="5" duration="1" label=""/>
  <animation frame="1" name="PlayerJumpingShoulderB4_Sprite" index="0" duration="1" label=""/>
  <animation frame="1" name="PlayerLevelUpShoulderB4_Sprite" index="0" duration="1" label=""/>
  <animation frame="2" name="PlayerLevelUpShoulderB4_Sprite" index="1" duration="1" label=""/>
  <animation frame="3" name="PlayerLevelUpShoulderB4_Sprite" index="2" duration="1" label=""/>
  <animation frame="4" name="PlayerLevelUpShoulderB4_Sprite" index="3" duration="1" label=""/>
  <animation frame="5" name="PlayerLevelUpShoulderB4_Sprite" index="4" duration="3" label=""/>
  <animation frame="1" name="PlayerWalkingShoulderB4_Sprite" index="0" duration="1" label=""/>
  <animation frame="2" name="PlayerWalkingShoulderB4_Sprite" index="1" duration="1" label=""/>
  <animation frame="3" name="PlayerWalkingShoulderB4_Sprite" index="2" duration="1" label=""/>
  <animation frame="4" name="PlayerWalkingShoulderB4_Sprite" index="3" duration="1" label=""/>
  <animation frame="5" name="PlayerWalkingShoulderB4_Sprite" index="4" duration="1" label=""/>
  <animation frame="6" name="PlayerWalkingShoulderB4_Sprite" index="5" duration="1" label=""/>
  <animation frame="1" name="PlayerAirAttackShoulderA5_Sprite" index="0" duration="1" label=""/>
  <animation frame="2" name="PlayerAirAttackShoulderA5_Sprite" index="1" duration="1" label=""/>
  <animation frame="3" name="PlayerAirAttackShoulderA5_Sprite" index="2" duration="1" label=""/>
  <animation frame="4" name="PlayerAirAttackShoulderA5_Sprite" index="3" duration="1" label=""/>
  <animation frame="5" name="PlayerAirAttackShoulderA5_Sprite" index="4" duration="3" label=""/>
  <animation frame="8" name="PlayerAirAttackShoulderA5_Sprite" index="5" duration="1" label=""/>
  <animation frame="9" name="PlayerAirAttackShoulderA5_Sprite" index="6" duration="1" label=""/>
  <animation frame="1" name="PlayerAttacking3ShoulderA5_Sprite" index="0" duration="1" label=""/>
  <animation frame="2" name="PlayerAttacking3ShoulderA5_Sprite" index="1" duration="1" label=""/>
  <animation frame="3" name="PlayerAttacking3ShoulderA5_Sprite" index="2" duration="1" label=""/>
  <animation frame="4" name="PlayerAttacking3ShoulderA5_Sprite" index="3" duration="2" label=""/>
  <animation frame="6" name="PlayerAttacking3ShoulderA5_Sprite" index="4" duration="1" label=""/>
  <animation frame="7" name="PlayerAttacking3ShoulderA5_Sprite" index="5" duration="3" label=""/>
  <animation frame="10" name="PlayerAttacking3ShoulderA5_Sprite" index="6" duration="1" label=""/>
  <animation frame="1" name="PlayerDashShoulderA5_Sprite" index="0" duration="1" label=""/>
  <animation frame="2" name="PlayerDashShoulderA5_Sprite" index="1" duration="3" label=""/>
  <animation frame="5" name="PlayerDashShoulderA5_Sprite" index="2" duration="1" label=""/>
  <animation frame="1" name="PlayerBlockShoulderA5_Sprite" index="0" duration="1" label=""/>
  <animation frame="2" name="PlayerBlockShoulderA5_Sprite" index="1" duration="1" label=""/>
  <animation frame="3" name="PlayerBlockShoulderA5_Sprite" index="2" duration="1" label=""/>
  <animation frame="1" name="PlayerHurtShoulderA5_Sprite" index="0" duration="1" label=""/>
  <animation frame="1" name="PlayerFrontDashShoulderA5_Sprite" index="0" duration="1" label=""/>
  <animation frame="2" name="PlayerFrontDashShoulderA5_Sprite" index="1" duration="3" label=""/>
  <animation frame="5" name="PlayerFrontDashShoulderA5_Sprite" index="2" duration="1" label=""/>
  <animation frame="1" name="PlayerDeathShoulderA5_Sprite" index="0" duration="1" label=""/>
  <animation frame="2" name="PlayerDeathShoulderA5_Sprite" index="1" duration="1" label=""/>
  <animation frame="3" name="PlayerDeathShoulderA5_Sprite" index="2" duration="1" label=""/>
  <animation frame="4" name="PlayerDeathShoulderA5_Sprite" index="3" duration="1" label=""/>
  <animation frame="5" name="PlayerDeathShoulderA5_Sprite" index="4" duration="1" label=""/>
  <animation frame="6" name="PlayerDeathShoulderA5_Sprite" index="5" duration="1" label=""/>
  <animation frame="7" name="PlayerDeathShoulderA5_Sprite" index="6" duration="1" label=""/>
  <animation frame="8" name="PlayerDeathShoulderA5_Sprite" index="7" duration="1" label=""/>
  <animation frame="9" name="PlayerDeathShoulderA5_Sprite" index="8" duration="1" label=""/>
  <animation frame="10" name="PlayerDeathShoulderA5_Sprite" index="9" duration="1" label=""/>
  <animation frame="11" name="PlayerDeathShoulderA5_Sprite" index="10" duration="1" label=""/>
  <animation frame="12" name="PlayerDeathShoulderA5_Sprite" index="11" duration="1" label=""/>
  <animation frame="13" name="PlayerDeathShoulderA5_Sprite" index="12" duration="1" label=""/>
  <animation frame="14" name="PlayerDeathShoulderA5_Sprite" index="13" duration="1" label=""/>
  <animation frame="15" name="PlayerDeathShoulderA5_Sprite" index="14" duration="4" label=""/>
  <animation frame="1" name="PlayerFallingShoulderA5_Sprite" index="0" duration="1" label=""/>
  <animation frame="1" name="PlayerIdleShoulderA5_Sprite" index="0" duration="1" label=""/>
  <animation frame="2" name="PlayerIdleShoulderA5_Sprite" index="1" duration="1" label=""/>
  <animation frame="3" name="PlayerIdleShoulderA5_Sprite" index="2" duration="2" label=""/>
  <animation frame="5" name="PlayerIdleShoulderA5_Sprite" index="3" duration="1" label=""/>
  <animation frame="6" name="PlayerIdleShoulderA5_Sprite" index="4" duration="1" label=""/>
  <animation frame="7" name="PlayerIdleShoulderA5_Sprite" index="5" duration="1" label=""/>
  <animation frame="1" name="PlayerJumpingShoulderA5_Sprite" index="0" duration="1" label=""/>
  <animation frame="1" name="PlayerLevelUpShoulderA5_Sprite" index="0" duration="1" label=""/>
  <animation frame="2" name="PlayerLevelUpShoulderA5_Sprite" index="1" duration="1" label=""/>
  <animation frame="3" name="PlayerLevelUpShoulderA5_Sprite" index="2" duration="1" label=""/>
  <animation frame="4" name="PlayerLevelUpShoulderA5_Sprite" index="3" duration="1" label=""/>
  <animation frame="5" name="PlayerLevelUpShoulderA5_Sprite" index="4" duration="3" label=""/>
  <animation frame="1" name="PlayerWalkingShoulderA5_Sprite" index="0" duration="1" label=""/>
  <animation frame="2" name="PlayerWalkingShoulderA5_Sprite" index="1" duration="1" label=""/>
  <animation frame="3" name="PlayerWalkingShoulderA5_Sprite" index="2" duration="1" label=""/>
  <animation frame="4" name="PlayerWalkingShoulderA5_Sprite" index="3" duration="1" label=""/>
  <animation frame="5" name="PlayerWalkingShoulderA5_Sprite" index="4" duration="1" label=""/>
  <animation frame="6" name="PlayerWalkingShoulderA5_Sprite" index="5" duration="1" label=""/>
  <animation frame="1" name="PlayerAirAttackShoulderB5_Sprite" index="0" duration="1" label=""/>
  <animation frame="2" name="PlayerAirAttackShoulderB5_Sprite" index="1" duration="1" label=""/>
  <animation frame="3" name="PlayerAirAttackShoulderB5_Sprite" index="2" duration="1" label=""/>
  <animation frame="4" name="PlayerAirAttackShoulderB5_Sprite" index="3" duration="1" label=""/>
  <animation frame="5" name="PlayerAirAttackShoulderB5_Sprite" index="4" duration="3" label=""/>
  <animation frame="8" name="PlayerAirAttackShoulderB5_Sprite" index="5" duration="1" label=""/>
  <animation frame="9" name="PlayerAirAttackShoulderB5_Sprite" index="6" duration="1" label=""/>
  <animation frame="1" name="PlayerAttacking3ShoulderB5_Sprite" index="0" duration="1" label=""/>
  <animation frame="2" name="PlayerAttacking3ShoulderB5_Sprite" index="1" duration="1" label=""/>
  <animation frame="3" name="PlayerAttacking3ShoulderB5_Sprite" index="2" duration="1" label=""/>
  <animation frame="4" name="PlayerAttacking3ShoulderB5_Sprite" index="3" duration="2" label=""/>
  <animation frame="6" name="PlayerAttacking3ShoulderB5_Sprite" index="4" duration="1" label=""/>
  <animation frame="7" name="PlayerAttacking3ShoulderB5_Sprite" index="5" duration="1" label=""/>
  <animation frame="8" name="PlayerAttacking3ShoulderB5_Sprite" index="6" duration="1" label=""/>
  <animation frame="9" name="PlayerAttacking3ShoulderB5_Sprite" index="7" duration="1" label=""/>
  <animation frame="10" name="PlayerAttacking3ShoulderB5_Sprite" index="8" duration="1" label=""/>
  <animation frame="1" name="PlayerDashShoulderB5_Sprite" index="0" duration="1" label=""/>
  <animation frame="2" name="PlayerDashShoulderB5_Sprite" index="1" duration="3" label=""/>
  <animation frame="5" name="PlayerDashShoulderB5_Sprite" index="2" duration="1" label=""/>
  <animation frame="1" name="PlayerBlockShoulderB5_Sprite" index="0" duration="1" label=""/>
  <animation frame="2" name="PlayerBlockShoulderB5_Sprite" index="1" duration="1" label=""/>
  <animation frame="3" name="PlayerBlockShoulderB5_Sprite" index="2" duration="1" label=""/>
  <animation frame="1" name="PlayerHurtShoulderB5_Sprite" index="0" duration="1" label=""/>
  <animation frame="1" name="PlayerFrontDashShoulderB5_Sprite" index="0" duration="1" label=""/>
  <animation frame="2" name="PlayerFrontDashShoulderB5_Sprite" index="1" duration="3" label=""/>
  <animation frame="5" name="PlayerFrontDashShoulderB5_Sprite" index="2" duration="1" label=""/>
  <animation frame="1" name="PlayerDeathShoulderB5_Sprite" index="0" duration="1" label=""/>
  <animation frame="2" name="PlayerDeathShoulderB5_Sprite" index="1" duration="1" label=""/>
  <animation frame="3" name="PlayerDeathShoulderB5_Sprite" index="2" duration="1" label=""/>
  <animation frame="4" name="PlayerDeathShoulderB5_Sprite" index="3" duration="1" label=""/>
  <animation frame="5" name="PlayerDeathShoulderB5_Sprite" index="4" duration="1" label=""/>
  <animation frame="6" name="PlayerDeathShoulderB5_Sprite" index="5" duration="1" label=""/>
  <animation frame="7" name="PlayerDeathShoulderB5_Sprite" index="6" duration="1" label=""/>
  <animation frame="8" name="PlayerDeathShoulderB5_Sprite" index="7" duration="1" label=""/>
  <animation frame="9" name="PlayerDeathShoulderB5_Sprite" index="8" duration="1" label=""/>
  <animation frame="10" name="PlayerDeathShoulderB5_Sprite" index="9" duration="1" label=""/>
  <animation frame="11" name="PlayerDeathShoulderB5_Sprite" index="10" duration="1" label=""/>
  <animation frame="12" name="PlayerDeathShoulderB5_Sprite" index="11" duration="1" label=""/>
  <animation frame="13" name="PlayerDeathShoulderB5_Sprite" index="12" duration="1" label=""/>
  <animation frame="14" name="PlayerDeathShoulderB5_Sprite" index="13" duration="5" label=""/>
  <animation frame="1" name="PlayerFallingShoulderB5_Sprite" index="0" duration="1" label=""/>
  <animation frame="1" name="PlayerIdleShoulderB5_Sprite" index="0" duration="1" label=""/>
  <animation frame="2" name="PlayerIdleShoulderB5_Sprite" index="1" duration="1" label=""/>
  <animation frame="3" name="PlayerIdleShoulderB5_Sprite" index="2" duration="2" label=""/>
  <animation frame="5" name="PlayerIdleShoulderB5_Sprite" index="3" duration="1" label=""/>
  <animation frame="6" name="PlayerIdleShoulderB5_Sprite" index="4" duration="1" label=""/>
  <animation frame="7" name="PlayerIdleShoulderB5_Sprite" index="5" duration="1" label=""/>
  <animation frame="1" name="PlayerJumpingShoulderB5_Sprite" index="0" duration="1" label=""/>
  <animation frame="1" name="PlayerLevelUpShoulderB5_Sprite" index="0" duration="1" label=""/>
  <animation frame="2" name="PlayerLevelUpShoulderB5_Sprite" index="1" duration="1" label=""/>
  <animation frame="3" name="PlayerLevelUpShoulderB5_Sprite" index="2" duration="1" label=""/>
  <animation frame="4" name="PlayerLevelUpShoulderB5_Sprite" index="3" duration="1" label=""/>
  <animation frame="5" name="PlayerLevelUpShoulderB5_Sprite" index="4" duration="3" label=""/>
  <animation frame="1" name="PlayerWalkingShoulderB5_Sprite" index="0" duration="1" label=""/>
  <animation frame="2" name="PlayerWalkingShoulderB5_Sprite" index="1" duration="1" label=""/>
  <animation frame="3" name="PlayerWalkingShoulderB5_Sprite" index="2" duration="1" label=""/>
  <animation frame="4" name="PlayerWalkingShoulderB5_Sprite" index="3" duration="1" label=""/>
  <animation frame="5" name="PlayerWalkingShoulderB5_Sprite" index="4" duration="1" label=""/>
  <animation frame="6" name="PlayerWalkingShoulderB5_Sprite" index="5" duration="1" label=""/>
  <animation frame="1" name="PlayerAirAttackHead3_Sprite" index="0" duration="1" label=""/>
  <animation frame="2" name="PlayerAirAttackHead3_Sprite" index="1" duration="1" label=""/>
  <animation frame="3" name="PlayerAirAttackHead3_Sprite" index="2" duration="1" label=""/>
  <animation frame="4" name="PlayerAirAttackHead3_Sprite" index="3" duration="1" label=""/>
  <animation frame="5" name="PlayerAirAttackHead3_Sprite" index="4" duration="3" label=""/>
  <animation frame="8" name="PlayerAirAttackHead3_Sprite" index="5" duration="1" label=""/>
  <animation frame="9" name="PlayerAirAttackHead3_Sprite" index="6" duration="1" label=""/>
  <animation frame="1" name="PlayerAttacking3Head3_Sprite" index="0" duration="1" label=""/>
  <animation frame="2" name="PlayerAttacking3Head3_Sprite" index="1" duration="1" label=""/>
  <animation frame="3" name="PlayerAttacking3Head3_Sprite" index="2" duration="2" label=""/>
  <animation frame="5" name="PlayerAttacking3Head3_Sprite" index="3" duration="1" label=""/>
  <animation frame="6" name="PlayerAttacking3Head3_Sprite" index="4" duration="1" label=""/>
  <animation frame="7" name="PlayerAttacking3Head3_Sprite" index="5" duration="3" label=""/>
  <animation frame="10" name="PlayerAttacking3Head3_Sprite" index="6" duration="1" label=""/>
  <animation frame="1" name="PlayerDashHead3_Sprite" index="0" duration="1" label=""/>
  <animation frame="2" name="PlayerDashHead3_Sprite" index="1" duration="3" label=""/>
  <animation frame="5" name="PlayerDashHead3_Sprite" index="2" duration="1" label=""/>
  <animation frame="1" name="PlayerBlockHead3_Sprite" index="0" duration="1" label=""/>
  <animation frame="2" name="PlayerBlockHead3_Sprite" index="1" duration="1" label=""/>
  <animation frame="3" name="PlayerBlockHead3_Sprite" index="2" duration="1" label=""/>
  <animation frame="1" name="PlayerHurtHead3_Sprite" index="0" duration="1" label=""/>
  <animation frame="1" name="PlayerFrontDashHead3_Sprite" index="0" duration="1" label=""/>
  <animation frame="2" name="PlayerFrontDashHead3_Sprite" index="1" duration="3" label=""/>
  <animation frame="5" name="PlayerFrontDashHead3_Sprite" index="2" duration="1" label=""/>
  <animation frame="1" name="PlayerDeathHead3_Sprite" index="0" duration="1" label=""/>
  <animation frame="2" name="PlayerDeathHead3_Sprite" index="1" duration="1" label=""/>
  <animation frame="3" name="PlayerDeathHead3_Sprite" index="2" duration="9" label=""/>
  <animation frame="12" name="PlayerDeathHead3_Sprite" index="3" duration="1" label=""/>
  <animation frame="13" name="PlayerDeathHead3_Sprite" index="4" duration="1" label=""/>
  <animation frame="14" name="PlayerDeathHead3_Sprite" index="5" duration="1" label=""/>
  <animation frame="15" name="PlayerDeathHead3_Sprite" index="6" duration="4" label=""/>
  <animation frame="1" name="PlayerFallingHead3_Sprite" index="0" duration="1" label=""/>
  <animation frame="1" name="PlayerIdleHead3_Sprite" index="0" duration="2" label=""/>
  <animation frame="3" name="PlayerIdleHead3_Sprite" index="1" duration="1" label=""/>
  <animation frame="4" name="PlayerIdleHead3_Sprite" index="2" duration="1" label=""/>
  <animation frame="5" name="PlayerIdleHead3_Sprite" index="3" duration="1" label=""/>
  <animation frame="6" name="PlayerIdleHead3_Sprite" index="4" duration="1" label=""/>
  <animation frame="7" name="PlayerIdleHead3_Sprite" index="5" duration="1" label=""/>
  <animation frame="1" name="PlayerJumpingHead3_Sprite" index="0" duration="1" label=""/>
  <animation frame="1" name="PlayerLevelUpHead3_Sprite" index="0" duration="1" label=""/>
  <animation frame="2" name="PlayerLevelUpHead3_Sprite" index="1" duration="1" label=""/>
  <animation frame="3" name="PlayerLevelUpHead3_Sprite" index="2" duration="1" label=""/>
  <animation frame="4" name="PlayerLevelUpHead3_Sprite" index="3" duration="1" label=""/>
  <animation frame="5" name="PlayerLevelUpHead3_Sprite" index="4" duration="3" label=""/>
  <animation frame="1" name="PlayerWalkingHead3_Sprite" index="0" duration="1" label=""/>
  <animation frame="2" name="PlayerWalkingHead3_Sprite" index="1" duration="1" label=""/>
  <animation frame="3" name="PlayerWalkingHead3_Sprite" index="2" duration="1" label=""/>
  <animation frame="4" name="PlayerWalkingHead3_Sprite" index="3" duration="1" label=""/>
  <animation frame="5" name="PlayerWalkingHead3_Sprite" index="4" duration="1" label=""/>
  <animation frame="6" name="PlayerWalkingHead3_Sprite" index="5" duration="1" label=""/>
  <animation frame="1" name="PlayerAirAttackHead4_Sprite" index="0" duration="1" label=""/>
  <animation frame="2" name="PlayerAirAttackHead4_Sprite" index="1" duration="1" label=""/>
  <animation frame="3" name="PlayerAirAttackHead4_Sprite" index="2" duration="1" label=""/>
  <animation frame="4" name="PlayerAirAttackHead4_Sprite" index="3" duration="1" label=""/>
  <animation frame="5" name="PlayerAirAttackHead4_Sprite" index="4" duration="3" label=""/>
  <animation frame="8" name="PlayerAirAttackHead4_Sprite" index="5" duration="1" label=""/>
  <animation frame="9" name="PlayerAirAttackHead4_Sprite" index="6" duration="1" label=""/>
  <animation frame="1" name="PlayerAttacking3Head4_Sprite" index="0" duration="1" label=""/>
  <animation frame="2" name="PlayerAttacking3Head4_Sprite" index="1" duration="1" label=""/>
  <animation frame="3" name="PlayerAttacking3Head4_Sprite" index="2" duration="2" label=""/>
  <animation frame="5" name="PlayerAttacking3Head4_Sprite" index="3" duration="1" label=""/>
  <animation frame="6" name="PlayerAttacking3Head4_Sprite" index="4" duration="1" label=""/>
  <animation frame="7" name="PlayerAttacking3Head4_Sprite" index="5" duration="3" label=""/>
  <animation frame="10" name="PlayerAttacking3Head4_Sprite" index="6" duration="1" label=""/>
  <animation frame="1" name="PlayerDashHead4_Sprite" index="0" duration="1" label=""/>
  <animation frame="2" name="PlayerDashHead4_Sprite" index="1" duration="3" label=""/>
  <animation frame="5" name="PlayerDashHead4_Sprite" index="2" duration="1" label=""/>
  <animation frame="1" name="PlayerBlockHead4_Sprite" index="0" duration="1" label=""/>
  <animation frame="2" name="PlayerBlockHead4_Sprite" index="1" duration="1" label=""/>
  <animation frame="3" name="PlayerBlockHead4_Sprite" index="2" duration="1" label=""/>
  <animation frame="1" name="PlayerHurtHead4_Sprite" index="0" duration="1" label=""/>
  <animation frame="1" name="PlayerFrontDashHead4_Sprite" index="0" duration="1" label=""/>
  <animation frame="2" name="PlayerFrontDashHead4_Sprite" index="1" duration="3" label=""/>
  <animation frame="5" name="PlayerFrontDashHead4_Sprite" index="2" duration="1" label=""/>
  <animation frame="1" name="PlayerDeathHead4_Sprite" index="0" duration="1" label=""/>
  <animation frame="2" name="PlayerDeathHead4_Sprite" index="1" duration="1" label=""/>
  <animation frame="3" name="PlayerDeathHead4_Sprite" index="2" duration="9" label=""/>
  <animation frame="12" name="PlayerDeathHead4_Sprite" index="3" duration="1" label=""/>
  <animation frame="13" name="PlayerDeathHead4_Sprite" index="4" duration="1" label=""/>
  <animation frame="14" name="PlayerDeathHead4_Sprite" index="5" duration="1" label=""/>
  <animation frame="15" name="PlayerDeathHead4_Sprite" index="6" duration="4" label=""/>
  <animation frame="1" name="PlayerFallingHead4_Sprite" index="0" duration="1" label=""/>
  <animation frame="1" name="PlayerIdleHead4_Sprite" index="0" duration="2" label=""/>
  <animation frame="3" name="PlayerIdleHead4_Sprite" index="1" duration="1" label=""/>
  <animation frame="4" name="PlayerIdleHead4_Sprite" index="2" duration="1" label=""/>
  <animation frame="5" name="PlayerIdleHead4_Sprite" index="3" duration="1" label=""/>
  <animation frame="6" name="PlayerIdleHead4_Sprite" index="4" duration="1" label=""/>
  <animation frame="7" name="PlayerIdleHead4_Sprite" index="5" duration="1" label=""/>
  <animation frame="1" name="PlayerJumpingHead4_Sprite" index="0" duration="1" label=""/>
  <animation frame="1" name="PlayerLevelUpHead4_Sprite" index="0" duration="1" label=""/>
  <animation frame="2" name="PlayerLevelUpHead4_Sprite" index="1" duration="1" label=""/>
  <animation frame="3" name="PlayerLevelUpHead4_Sprite" index="2" duration="1" label=""/>
  <animation frame="4" name="PlayerLevelUpHead4_Sprite" index="3" duration="1" label=""/>
  <animation frame="5" name="PlayerLevelUpHead4_Sprite" index="4" duration="3" label=""/>
  <animation frame="1" name="PlayerWalkingHead4_Sprite" index="0" duration="1" label=""/>
  <animation frame="2" name="PlayerWalkingHead4_Sprite" index="1" duration="1" label=""/>
  <animation frame="3" name="PlayerWalkingHead4_Sprite" index="2" duration="1" label=""/>
  <animation frame="4" name="PlayerWalkingHead4_Sprite" index="3" duration="1" label=""/>
  <animation frame="5" name="PlayerWalkingHead4_Sprite" index="4" duration="1" label=""/>
  <animation frame="6" name="PlayerWalkingHead4_Sprite" index="5" duration="1" label=""/>
  <animation frame="1" name="PlayerAirAttackHead5_Sprite" index="0" duration="1" label=""/>
  <animation frame="2" name="PlayerAirAttackHead5_Sprite" index="1" duration="1" label=""/>
  <animation frame="3" name="PlayerAirAttackHead5_Sprite" index="2" duration="1" label=""/>
  <animation frame="4" name="PlayerAirAttackHead5_Sprite" index="3" duration="1" label=""/>
  <animation frame="5" name="PlayerAirAttackHead5_Sprite" index="4" duration="3" label=""/>
  <animation frame="8" name="PlayerAirAttackHead5_Sprite" index="5" duration="1" label=""/>
  <animation frame="9" name="PlayerAirAttackHead5_Sprite" index="6" duration="1" label=""/>
  <animation frame="1" name="PlayerAttacking3Head5_Sprite" index="0" duration="1" label=""/>
  <animation frame="2" name="PlayerAttacking3Head5_Sprite" index="1" duration="1" label=""/>
  <animation frame="3" name="PlayerAttacking3Head5_Sprite" index="2" duration="2" label=""/>
  <animation frame="5" name="PlayerAttacking3Head5_Sprite" index="3" duration="1" label=""/>
  <animation frame="6" name="PlayerAttacking3Head5_Sprite" index="4" duration="1" label=""/>
  <animation frame="7" name="PlayerAttacking3Head5_Sprite" index="5" duration="3" label=""/>
  <animation frame="10" name="PlayerAttacking3Head5_Sprite" index="6" duration="1" label=""/>
  <animation frame="1" name="PlayerDashHead5_Sprite" index="0" duration="1" label=""/>
  <animation frame="2" name="PlayerDashHead5_Sprite" index="1" duration="3" label=""/>
  <animation frame="5" name="PlayerDashHead5_Sprite" index="2" duration="1" label=""/>
  <animation frame="1" name="PlayerBlockHead5_Sprite" index="0" duration="1" label=""/>
  <animation frame="2" name="PlayerBlockHead5_Sprite" index="1" duration="1" label=""/>
  <animation frame="3" name="PlayerBlockHead5_Sprite" index="2" duration="1" label=""/>
  <animation frame="1" name="PlayerHurtHead5_Sprite" index="0" duration="1" label=""/>
  <animation frame="1" name="PlayerFrontDashHead5_Sprite" index="0" duration="1" label=""/>
  <animation frame="2" name="PlayerFrontDashHead5_Sprite" index="1" duration="3" label=""/>
  <animation frame="5" name="PlayerFrontDashHead5_Sprite" index="2" duration="1" label=""/>
  <animation frame="1" name="PlayerDeathHead5_Sprite" index="0" duration="1" label=""/>
  <animation frame="2" name="PlayerDeathHead5_Sprite" index="1" duration="1" label=""/>
  <animation frame="3" name="PlayerDeathHead5_Sprite" index="2" duration="9" label=""/>
  <animation frame="12" name="PlayerDeathHead5_Sprite" index="3" duration="1" label=""/>
  <animation frame="13" name="PlayerDeathHead5_Sprite" index="4" duration="1" label=""/>
  <animation frame="14" name="PlayerDeathHead5_Sprite" index="5" duration="1" label=""/>
  <animation frame="15" name="PlayerDeathHead5_Sprite" index="6" duration="4" label=""/>
  <animation frame="1" name="PlayerFallingHead5_Sprite" index="0" duration="1" label=""/>
  <animation frame="1" name="PlayerIdleHead5_Sprite" index="0" duration="2" label=""/>
  <animation frame="3" name="PlayerIdleHead5_Sprite" index="1" duration="1" label=""/>
  <animation frame="4" name="PlayerIdleHead5_Sprite" index="2" duration="1" label=""/>
  <animation frame="5" name="PlayerIdleHead5_Sprite" index="3" duration="1" label=""/>
  <animation frame="6" name="PlayerIdleHead5_Sprite" index="4" duration="1" label=""/>
  <animation frame="7" name="PlayerIdleHead5_Sprite" index="5" duration="1" label=""/>
  <animation frame="1" name="PlayerJumpingHead5_Sprite" index="0" duration="1" label=""/>
  <animation frame="1" name="PlayerLevelUpHead5_Sprite" index="0" duration="1" label=""/>
  <animation frame="2" name="PlayerLevelUpHead5_Sprite" index="1" duration="1" label=""/>
  <animation frame="3" name="PlayerLevelUpHead5_Sprite" index="2" duration="1" label=""/>
  <animation frame="4" name="PlayerLevelUpHead5_Sprite" index="3" duration="1" label=""/>
  <animation frame="5" name="PlayerLevelUpHead5_Sprite" index="4" duration="3" label=""/>
  <animation frame="1" name="PlayerWalkingHead5_Sprite" index="0" duration="1" label=""/>
  <animation frame="2" name="PlayerWalkingHead5_Sprite" index="1" duration="1" label=""/>
  <animation frame="3" name="PlayerWalkingHead5_Sprite" index="2" duration="1" label=""/>
  <animation frame="4" name="PlayerWalkingHead5_Sprite" index="3" duration="1" label=""/>
  <animation frame="5" name="PlayerWalkingHead5_Sprite" index="4" duration="1" label=""/>
  <animation frame="6" name="PlayerWalkingHead5_Sprite" index="5" duration="1" label=""/>
  <animation frame="1" name="PlayerFallingArmsSpellSword_Sprite" index="0" duration="1" label=""/>
  <animation frame="1" name="PlayerJumpingArmsSpellSword_Sprite" index="0" duration="1" label=""/>
  <animation frame="1" name="PlayerWalkingArmsSpellSword_Sprite" index="0" duration="1" label=""/>
  <animation frame="2" name="PlayerWalkingArmsSpellSword_Sprite" index="1" duration="1" label=""/>
  <animation frame="3" name="PlayerWalkingArmsSpellSword_Sprite" index="2" duration="1" label=""/>
  <animation frame="4" name="PlayerWalkingArmsSpellSword_Sprite" index="3" duration="1" label=""/>
  <animation frame="5" name="PlayerWalkingArmsSpellSword_Sprite" index="4" duration="1" label=""/>
  <animation frame="6" name="PlayerWalkingArmsSpellSword_Sprite" index="5" duration="1" label=""/>
  <animation frame="1" name="PlayerAttacking3Lamp_Sprite" index="0" duration="1" label=""/>
  <animation frame="2" name="PlayerAttacking3Lamp_Sprite" index="1" duration="1" label=""/>
  <animation frame="3" name="PlayerAttacking3Lamp_Sprite" index="2" duration="3" label=""/>
  <animation frame="6" name="PlayerAttacking3Lamp_Sprite" index="3" duration="1" label=""/>
  <animation frame="7" name="PlayerAttacking3Lamp_Sprite" index="4" duration="3" label=""/>
  <animation frame="10" name="PlayerAttacking3Lamp_Sprite" index="5" duration="1" label=""/>
  <animation frame="1" name="PlayerAirAttackLamp_Sprite" index="0" duration="1" label=""/>
  <animation frame="2" name="PlayerAirAttackLamp_Sprite" index="1" duration="1" label=""/>
  <animation frame="3" name="PlayerAirAttackLamp_Sprite" index="2" duration="1" label=""/>
  <animation frame="4" name="PlayerAirAttackLamp_Sprite" index="3" duration="1" label=""/>
  <animation frame="5" name="PlayerAirAttackLamp_Sprite" index="4" duration="3" label=""/>
  <animation frame="8" name="PlayerAirAttackLamp_Sprite" index="5" duration="1" label=""/>
  <animation frame="9" name="PlayerAirAttackLamp_Sprite" index="6" duration="1" label=""/>
  <animation frame="1" name="PlayerDashLamp_Sprite" index="0" duration="1" label=""/>
  <animation frame="2" name="PlayerDashLamp_Sprite" index="1" duration="3" label=""/>
  <animation frame="5" name="PlayerDashLamp_Sprite" index="2" duration="1" label=""/>
  <animation frame="1" name="PlayerHurtLamp_Sprite" index="0" duration="1" label=""/>
  <animation frame="1" name="PlayerFrontDashLamp_Sprite" index="0" duration="1" label=""/>
  <animation frame="2" name="PlayerFrontDashLamp_Sprite" index="1" duration="3" label=""/>
  <animation frame="5" name="PlayerFrontDashLamp_Sprite" index="2" duration="1" label=""/>
  <animation frame="1" name="PlayerDeathLamp_Sprite" index="0" duration="1" label=""/>
  <animation frame="2" name="PlayerDeathLamp_Sprite" index="1" duration="1" label=""/>
  <animation frame="3" name="PlayerDeathLamp_Sprite" index="2" duration="9" label=""/>
  <animation frame="12" name="PlayerDeathLamp_Sprite" index="3" duration="1" label=""/>
  <animation frame="13" name="PlayerDeathLamp_Sprite" index="4" duration="1" label=""/>
  <animation frame="14" name="PlayerDeathLamp_Sprite" index="5" duration="1" label=""/>
  <animation frame="15" name="PlayerDeathLamp_Sprite" index="6" duration="4" label=""/>
  <animation frame="1" name="PlayerFallingLamp_Sprite" index="0" duration="1" label=""/>
  <animation frame="1" name="PlayerIdleLamp_Sprite" index="0" duration="2" label=""/>
  <animation frame="3" name="PlayerIdleLamp_Sprite" index="1" duration="1" label=""/>
  <animation frame="4" name="PlayerIdleLamp_Sprite" index="2" duration="1" label=""/>
  <animation frame="5" name="PlayerIdleLamp_Sprite" index="3" duration="1" label=""/>
  <animation frame="6" name="PlayerIdleLamp_Sprite" index="4" duration="1" label=""/>
  <animation frame="7" name="PlayerIdleLamp_Sprite" index="5" duration="1" label=""/>
  <animation frame="1" name="PlayerJumpingLamp_Sprite" index="0" duration="1" label=""/>
  <animation frame="1" name="PlayerLevelUpLamp_Sprite" index="0" duration="1" label=""/>
  <animation frame="2" name="PlayerLevelUpLamp_Sprite" index="1" duration="1" label=""/>
  <animation frame="3" name="PlayerLevelUpLamp_Sprite" index="2" duration="1" label=""/>
  <animation frame="4" name="PlayerLevelUpLamp_Sprite" index="3" duration="1" label=""/>
  <animation frame="5" name="PlayerLevelUpLamp_Sprite" index="4" duration="3" label=""/>
  <animation frame="1" name="PlayerWalkingLamp_Sprite" index="0" duration="1" label=""/>
  <animation frame="2" name="PlayerWalkingLamp_Sprite" index="1" duration="1" label=""/>
  <animation frame="3" name="PlayerWalkingLamp_Sprite" index="2" duration="1" label=""/>
  <animation frame="4" name="PlayerWalkingLamp_Sprite" index="3" duration="1" label=""/>
  <animation frame="5" name="PlayerWalkingLamp_Sprite" index="4" duration="1" label=""/>
  <animation frame="6" name="PlayerWalkingLamp_Sprite" index="5" duration="1" label=""/>
  <animation frame="1" name="PlayerIdleHead8_Sprite" index="0" duration="1" label=""/>
</xml>